business_name,contact_page_url,main_public_phone,general_public_email
1 & 2 Electrical Solution Ltd,https://1and2electric.com/,,info@1and2electric.com
107.5 Beach Radio,https://www.pattisonmedia.com/contact-us,,info@pattisonmedia.com
1516 Pub & Grill,https://1516pub.com/,(778) 475-9146,info@1516pub.com
27th Street Florist,https://www.27thstreetflorist.com/,(250) 503-2262,27thst.florist@gmail.com
28th Avenue Homes Ltd,https://28thavenuehomes.ca/contact-us/,778-475-4880,info@28thavehomes.ca
3% Real Estate,https://www.3pr.ca/,+1-1-250-503-2246,hello@3pr.ca
39Th Avenue Massage Therapy,https://www.39avemassagetherapy.com/contact,250-306-7571,39avemassagetherapy@gmail.com
4 Seasons Real Estate,https://www.kelownahomesource.com/about/,250-549-1233,christian@mortlockrealestate.com
"4-H Armstrong, Vernon, Lumby District",https://www.4hbc.ca/,250 545 7140,mail@4hbc.ca
4D Creek Ranch,https://www.4dcreekranch.com/,(250) 718 6211,4dcreekranchlumby@gmail.com
50th Parallel Estate Winery,https://www.50thparallel.com/contact-us/,2507663408,events@50thparallel.com
A & D Asphalt Solutions Ltd.,https://www.asphaltsolutions.ca/contact-us,(250) 546-6610,asphaltsolutionsadestimator@gmail.com
A Fine Kettle of Fish,https://www.finekettleofish.ca/,(250) 545-5665,finekettleofishvernon@gmail.com
"A&W, The McMurray Group",https://members.downtownvernon.com/contact-us,(250) 549-4717,info@downtownvernon.com
A.M.I. Clothing,https://okanagangear.com/,(250) 542-2649,sales@amiclothing.com
Aberdeen Dental Centre,https://vernondentist.com/,250-545-3319,aberdeendentalcentre@gmail.com
About Time Bookkeeping,,1-778-212-5436,abouttimebookkeeping@outlook.com
Absolute Cheer & Tumbling Ltd.,https://www.absolutegym.ca/contact,(250) 241-8712,absolute.cgt@gmail.com
AFD Quality Fuels and Lubricants,https://afdpetroleum.com/,7804385930,info@afdpetroleum.com
After School Day Care,https://www.appletreechildcare.ca/,250-545-7543,info@appletreechildcare.ca
Agar Schneider & Lett,https://www.cpavernon.ca/,(250) 545-7117,admin@cpavernon.ca
Ahhhh Thai Massage,https://www.jaidee.ca/,778-866-9663,info@jaidee.ca
Air Design Heating & Cooling Ltd.,https://airdesignheating.com/,250-306-0142,office@airdesignheating.com
Alesha Bradley Registered Massage Therapist,https://www.aleshabradleyrmt.ca/,250-307-3433,info@aleshabradleyrmt.ca
Alexander's Pub and Liquor Store,https://alexanderspubliquorstore.shop/,,alexanderspubliquorstore.shop@gmail.com
All About Youth Consultants,https://evlppl.com/,,hello@evlppl.com
All Pro Tree & Landscaping Services,https://www.allprotree.ca/,250-549-4555,contact@allprotree.ca
All Terrain Construction,https://www.all-terrain.ca/,250 558 8782,allterrainhaner@gmail.com
Allan Brooks Nature Centre,https://abnc.ca/,(250) 260-4227,events@abnc.ca
Alpha Vapes,https://alphavapes.ca/about/,778 392 8307,alphavapes.bc@gmail.com
Alpine Spa Covers,https://alpinespacovers.com/,250-545-7779,info@alpinespacovers.com
Altha Health & Sport,https://althahealth.janeapp.com/#staff_member/1,250 546 5159,drpaulinet.altha@gmail.com
Amplified Cafe,https://www.amplifiedcafe.com/,250-545-1001,info@amplifiedcafe.com
Anchor Peak Bookkeeping,https://www.cbinsights.com/contact-us/,,info@cbinsights.com
Ancient Hill Estate Winery,http://ancienthillwinery.com/contact-us,250-491-2766,info@ancienthillwinery.com
Anderson Vacations,https://www.andersonvacation.com/contact,778-475-8261,bookings@andersonvacations.ca
Angel Acres Country Store,https://nourishfoodclub.com/,(250) 996-1801,support@nourishfoodclub.com
Angelkeys Music Studio,https://www.angelkeys.ca/,(250) 305-4784,support@mymusicstaff.com
Angus River Earthworks,https://www.findglocal.com/contact,1-250-309-4666,angusriverearthworks@outlook.com
Anna's Vitamins Plus,https://www.annasvitaminsplus.com/,2502601147,info@annasvitaminsplus.com
Anton Bill TMG Realty,https://www.billantonstudio.com/contact,250-309-3255,billantonstudio@truevine.net
Apple Valley Auto,https://www.avauto.com/,250-542-2331,shop@avauto.com
Applewood Plumbing & Heating,https://www.applewoodheating.net/contact-us,250-549-4777,info@applewoodheating.net
Ardene,https://ardene.com/en-ca,1-877-606-4233,support@ardene.com
Armstrong Asparagus Farm,https://armstrongfarmco.com/contact/,,admin@armstrongfarmco.com
Armstrong Craneguy,,(250) 996-3239,craneguy56@gmail.com
Armstrong Dental Centre,https://armstrongdentalcentre.com/,250 546 9811,reception@armstrongsmiles.com
Armstrong Farmers Market,https://www.armstrongfarmersmarket.ca/,250 307 8336,info@armstrongfarmersmarket.ca
Armstrong Lions Club,https://e-clubhouse.org/sites/armstrong/,705 676 6410,armstronglions.sec@gmail.com
Armstrong Optometry,https://www.armstrongoptometry.com/contact-us/,250 546 2020,info@armstrongoptometry.com
Armstrong Pride Society,https://www.armstrongpride.ca/,250 251 8826,info@armstrongpride.ca
Armstrong Registered Massage Therapy,https://www.armstrongmassage.ca/,250 878 0409,info@armstrongmassage.ca
Armstrong Return-It Depot,https://www.return-it.ca/contact/,250 546 2466,brandregistry@returnit.ca
Armstrong Spallumcheen Cemetery,https://www.cityofarmstrong.bc.ca/contact/,250 546 3013,mail@spallumcheentwp.bc.ca
Armstrong Spallumcheen Environmental Trust,https://mycharityfund.ca/charity/62113/armstrong-spallumcheen,250 546 6377,info@mycharityfund.ca
Armstrong Spallumcheen Trails Society,https://www.astrailssociety.com/about/,250 241 2255,astrailssociety@gmail.com
Armstrong Veterinary Clinic,https://armstrongveterinaryclinic.com/,250-546-9506,reception@armstrongveterinaryclinic.com
Armstrong Wine And Brew Ltd,http://armstrongwineandbrew.com/,250 546 6954,info@armstrongwineandbrew.com
Ash & Oak Salon,https://www.ashandoakvernon.com/,250-541-0223,ashandoaksalon@gmail.com
Ashton Oasis Farm,https://canic.ws/,(250) 838-2655,ashton.oasis@gmail.com
Askews Foods,https://www.askewsfoods.com/contact-us,250 546 3039,info@askewsfoods.com
Aspect Dental,https://aspect.dental/,(250) 545-4466,reception@aspect.dental
Aspen Landscaping Ltd,https://aspenlandscaping.ca/,250-317-7773,info@aspenlandscaping.ca
Associated Environmental,https://www.ae.ca/contact/,,inquiries@ae.ca
Attivo Health,https://attivohealth.ca/,778-475-3600,attivohealthvernon@gmail.com
B.Weightman Construction,https://www.weightmanconstruction.com/contact-us,1-931-246-0910,bweightman@outlook.com
Back Nine Indoor Golf,https://backninegolf.ca/contact?_b9redir=1,236-361-7888,infoca@thebackninegolf.com
Back To Earth,https://getbacktoearth.com/,778-475-2226,admin@getbacktoearth.com
Baird Brothers,https://www.bairdbros.ca/,(250) 838-6430,bairdbros.ca@gmail.com
Barrique & Java,https://www.sparklinghill.com/contact/,250-275-1556,reservations@sparklinghill.com
BC Pilates Health Hub Ltd,https://bcpilateshealthhub.janeapp.com/,2505410612,thepilateshealthhub@gmail.com
BDC Vernon,https://www.cdap-vernon.ca/,,info@cdap-vernon.ca
BDM Tire Service Ltd,https://tsbc.ca/contact-us/,778-474-9008,contact@tsbc.ca
Beach Radio 107.5,https://radio.menu/,(250) 545-2141,contact@radio.menu
Beachcomber Home Leisure,https://bhleisure.com/pages/contact,250-542-3399,info@bhleisure.com
Bean Around The World Coffee,https://batwcoffee.com/,,support@batwcoffee.com
Bean To Cup,https://www.beantocup.com/,250-503-2222,beantocup@gmail.com
Bear Paw Earthworks,https://www.bearpawearthworks.ca/contact/,250-545-9899,info@bearpawearthworks.ca
Bear Valley Highlands,https://bearvalleyhighlands.com/,778-373-5684,info@bearvalleyhighlands.com
Beaumont Mortgage Group,https://dreyergroup.ca/contact,+1-604-536-3802,neil@neilbeaumont.ca
Beaver Lake Mountain Resort,https://www.beaverlakeresort.com/,250-762-2225,info@beaverlakeresort.com
Beelineweb.com,https://www.beelineweb.com/contact,+1-866-766-2589,info@beelineweb.com
Beem Credit Union,https://beemcreditunion.ca/contact,(250) 545-1234,info@gfcu.com
Bertelsen Plumbing,,(250) 542-4153,office@bertelsenplumbing.com
Better Than Nature Indoor Garden Supply,https://pnwgardensupply.com/,604-588-4769,info@pnwgardensupply.com
Big Blue 4X4 Mobile Welding,https://www.codyswelding.ca/,250-766-3958,codyswelding06@gmail.com
Big Dipper Hot Tub Co.,https://www.bigdipperhottubs.ca/contact-us,250-306-1872,bigdipperhottubs@gmail.com
Bighorn Moving and Storage,https://www.bighornmoving.ca/,+12507661966,info@bighornmoving.ca
Black Fox,https://www.vagaro.com/en-ca/pro/contact,7782121973,support@vagaro.com
Black Isle Farms,https://www.castanet.net/contactus/,(250) 833-6459,letters@castanet.net
Blind Tiger Vineyards,https://blindtigervineyards.ca/,250-766-0622,hello@blindtigervineyards.ca
Bloom Salon,https://greencirclesalons.com/contact/,(250) 545-7800,info@greencirclesalons.com
Bloom Wellness Centre,https://bloomwellness.janeapp.com/,604-988-1411,hello@bloomwellness.com
Blue Grass Farm,https://bluegrassfarmbc.ca/,,hello@bluegrassfarmbc.ca
Blue Valley Painting,https://www.bluevalleypainting.com/,250-308-2413,info@bluevalleypainting.com
Bluebird Sport & Spine Physiotherapy,https://bluebirdsportandspine.janeapp.com/,,info@bluebirdsportandspine.ca
Bluegreen Architecture,https://www.bluegreenarchitecture.com/,7785064567,info@bluegreenarch.com
BNA Brewing,https://www.bnabrewing.com/bna-vernon,250-558-2635,info@bnabrewing.com
Boa Thong Thai Food Restaurant,https://boathong.ca/,(250) 542-1252,info@boathong.ca
Borrowman Electric,https://borrowman.ca/contact-us/,1-778-473-3004,sales@borrowman.ca
Boschtech Plumbing,,250-938-5878,boschtechplumbing@gmail.com
Bosman Accounting,https://www.bosmanaccounting.com/,(250) 542-2180,info@bosmanaccounting.com
Boys & Girls Club Okanagan),https://www.bgc.ca/contact-us,250 546 3465,office@bgc.ca
Bridlewood Riding Centre,https://bridlewoodriding.com/,2508620998,bridlewoodriding@gmail.com
Bright Angel Farm,http://www.brightangelfarm.com/,250-558-5552,brightangelfarm@gmail.com
Brown Mechanical Services,https://www.brown-mechanical.com/,(250) 545-4211,info@brown-mechanical.ca
Bugaboo Bakery,https://www.bugaboosbakerycafe.com/,+12505453208,bugabooscafe@gmail.com
Bun Tan Pho & Sushi,https://www.sushi-vernon.ca/,778-475-6191,sakurasushi.vernon@gmail.com
Burr Fabrication,https://burrfabrication.com/contact/,250 549 0581,burrfabrication@gmail.com
Burton Tree Service,,(250) 833-8705,james@burtontree.ca
Cabbana Indian Bistro,https://www.cabbanaindianbistro.com/,(778) 943-2080,info@mysite.com
Cactus Club Cafe - Vernon,https://www.provenexpert.com/en-us/,(778) 506-2494,support@provenexpert.com
Cal Pro Electrical Ltd,https://www.mcleanselectrical.com/,250-938-0380,info@mcleanselectrical.com
Cali Garden Landscaping,https://caligarden.ca/,236-599-0550,info@caligarden.ca
Cambium Cider Co,https://www.cambiumcider.com/,250-541-0655,hello@cambiumcider.com
Cambridge Building Products Ltd,https://centraltarp.ca/contact,(403) 354-1742,greg@cambridgebp.com
Camel's Hump Guest Ranch,,1-250-547-2207,camelshumpranch@gmail.com
Canadian 4X4,https://canadian4x4.ca/contact-us/,(250) 938-7007,cpzieman@gmail.com
Canadian Wildlife Museum & Gift Shop,https://canadianwildlifemuseum.com/,250-545-9740,info@canadianwildlifemuseum.com
CanHealth and Dental Plans Ltd,https://healthanddental.ca/,(250) 838-6848,casebrad@telus.net
Cardiff Miller Art Warehouse,https://cardiffmillerartwarehouse.ca/,,cmawenderby@gmail.com
Cardinal Vow Media,https://www.cardinalvow.com/,236 700 0808,hello@cardinalvow.com
Carisma Cleaning Services,https://anyclean.ca/,250-469-9035,hello@anyclean.ca
Carlie Patterson - Hair Stylist,https://tryhair.ai/,778-821-2139,contact@tryhair.ai
Carousel Consignments,https://www.carousel-consignments.com/contact-us,(250) 542-2677,carouselconsignmentsokemos@gmail.com
Carr Calvin Royal LePage,https://kelowna.pillartopost.com/,250-260-8133,info@barbaracarr.ca
Casabella Hair Studio,https://casabella.ee/,250-838-2237,info@casabella.ee
Castle On The Mountain B&B,https://www.castleonthemountain.com/,250-542-4593,info@castleonthemountain.com
Cathy's Epicure Business,https://vernonwellnessfair.com/Event/vernon,250-546-6344,info@vernonwellnessfair.com
Caufields Engraving,https://caufieldsengraving.com/,(250) 542-6293,orders@caufieldsengraving.com
Cedar Solutions & Millworks,https://www.cedarsolutions.ca/contact-us,(250)838-0899,nic@cedarsolutions.ca
Cento wear,https://www.centowear.com/,(250) 542-5484,info@centowear.ca
Central Animal Hospital,https://www.centralanimalhospital.ca/contact-us,250-549-0402,reception@centralahvernon.com
Central Okanagan Economic Development Commission (COEDC),https://www.investkelowna.com/contact-us/,12504696280,info@investkelowna.com
Chapman Industries Ltd,https://chapmanindustries.ca/,250 549 2907,info@chapmanindustries.ca
Chapman Mechanical,https://www.chapmanmechanical.ca/,250-545-9040,admin@chapmanmechanical.ca
Cheeky Tones,https://tanresponsibly.ca/#home-feedback,(250) 838-2120,cheekytonesltd@hotmail.com
Chelsea Kramer Notary Corp,http://cknotary.com/,236-600-2929,info@cknotary.ca
Cherkowski Marsden LLP,https://cmlawyers.ca/,(250) 308-0338,info@cmlawyers.ca
Chris' Automotive,http://chrisautomotive.ca/contact/,250-547-1456,admin@chrisautomotive.ca
City Furniture,https://www.cityfurniturecanada.com/,1 833 822 9306,mail@cityfurniturecanada.com
City of Enderby,https://www.cityofenderby.com/,(250) 838-7230,info@cityofenderby.com
Clark Robinson Chartered Professional Accountants,https://www.clarkrobinson.com/,(250) 545-7264,info@clarkrobinson.com
Co-operators,https://www.cooperators.ca/contact-us,1-877-545-2667,client_service_support@cooperators.ca
Cobbler's Rack,https://cobblersrack.com/,,cobblersrack@gmail.com
Cobbs,https://cobbsadventurepark.com/,+1-250-260-3733,info@cobbsadventurepark.com
CoCoMelon Learning,https://cocomelonlearning.com/,587-914-0425,admin@cocomelonlearning.com
Cody Watson - Centum Casa Noble,https://nobelcasa.com/,250-275-3255,info@nobelcasa.com
Coldstream Mechanical,https://coldstreammech.com/,(250) 558-9134,info@coldstreammech.com
Colibrico Consulting,https://www.colibrico.co/,604-760-2542,info@colibrico.co
Comfort Suites,https://socialads.comfortsuiteskelowna.com/contact.html,18004246423,ccarlson@hotelequities.com
Community Appliance Parts & Service,https://geniers.com/,(778) 475-3004,info@geniers.com
Community Foundation of North Okanagan,https://www.cfno.org/contact,(250) 542-8677,info@cfno.org
Concentric Electric & Controls Ltd.,https://www.concentriccontrols.ca/,250-212-5557,info@concentriccontrols.ca
Concept Physiotherapy,https://www.conceptphysiotherapy.com/contact,250-260-1550,reception@conceptphysiotherapy.com
Corbilt Welding & Fabrication Ltd - AJ Equipment Installations Ltd,http://corbilt.com/contact/,250-838-0848,info@corbilt.com
Courtview Dental,https://courtviewdental.ca/,2505493070,reception@courtviewdental.ca
Courtyard Gallery,https://courtyardgallery.ca,(778) 443-0529,info@courtyardgallery.ca
Courtyard Inn Vernon,https://courtyardinnvernon.ca/,(250) 549-1211,info@courtyardinnvernon.ca
Cozy Cabins Nature Resort,https://www.cozycabins.ca/contact/,1-250-547-6201,info@cozycabins.ca
Craftsman Collision,https://craftsmancollision.com/,6049048886,info@craftsmancollision.com
Crave Massage,https://cravemassage.ca/,(250) 545-3600,cravemassagevernon@gmail.com
Creative Chaos Society,https://www.creativechaoscrafts.com/contact-us/,(250) 545-6963,info@creativechaoscrafts.com
Creative Trophies & Gifts,https://creativetrophies.ca/,250-860-1153,sales@creativetrophies.ca
Creekside Dynamic Health,https://www.creeksidevernon.ca/,(250) 545-7107,info@creeksidevernon.ca
Crepe Bistro,https://www.crepebistro.ca/,(778) 955-5075,info@crepebistro.ca
Cross Health,https://crosshealth.ca/,(250) 241-9671,crosshealthtcm@gmail.com
"Crystal Clear Water Ltd (Plumbing, Gas & Drain C leaning)",https://www.crystalclearwaterpl.ca/,778-384-1047,admin@crystalclearwaterpl.ca
Crystal Flaman,https://crystalflaman.com/,(250) 215-2903,info@crystalflaman.com
Csek Creative,https://www.csekcreative.com/,250 862 8010,info@csekcreative.com
"CUPE 626, Vernon Civic Employees Union",https://626.cupe.ca/contact-us/,250-545-0446,president@cupelocal626.com
Cutting Edge Building Services Ltd,http://cehockey.ca/contact-us/,250-546-9414,info@cehockey.ca
Cypress Guest House,https://cypressguesthouse.com/contact.html,250-503-2300,info@cypressguesthouse.com
Damini Physiotherapy & Sports Injury,https://www.daminiphysio.ca/,(250) 545-2335,info@daminiphysio.ca
Dan-Gare Drilling Ltd,https://www.dangaredrilling.ca/,250 546 3480,info@dangare.ca
Danley Carriage And Wheel,https://www.carriageassociationofamerica.com/contact-us/,250 546 9979,info@caaonline.com
Dauncey Construction Ltd,https://www.daunceyconstruction.ca/,236-600-0659,info@daunceyconstruction.ca
Dave Kennedy Construction,https://rbkennedy.com/contact-us/contact-form-submitted/,250 546 8256,info@rbkennedy.com
De Thomas Wealth Management,https://www.dethomaswealthmanagement.com/contact,(236) 426-3111,info@dethomaswealth.com
Decorworld Paint & Window Covering,https://www.benjaminmoore.com/en-us/contact-us,,info@benjaminmoore.com
Dee Lake Wilderness Resort,https://www.deelakeresort.ca/,778-738-0345,info@deelakeresort.ca
DEEM Health + Fitness,https://www.deemhealth.ca/,(250) 541-0411,info@deemhealth.ca
Deep Creek Veterinary Services Ltd,https://www.deepcreekveterinary.com/,250-833-8585,deepcreekvet@gmail.com
Del Rayo Haro Tax & Professional Services Corp,https://delrayotax.ca/,(604) 910-4900,info@delrayotax.ca
Designers Gallery 2025,https://okdg.ca,(250) 542-5955,info@okdg.ca
Destination Silver Star,https://members.destinationsilverstar.com/,(250) 275-4942,info@destinationsilverstar.com
DFS Executive Resources Inc,https://dfs-solutions.com/,(250) 549-1787,info@dfs-solutions.com
DHANRAJ COMPUTER HARDWARE & SOFTWARE SOLUTIONS INC,https://dhanrajcomputer.com/,(236) 565-3155,support@dhanrajcomputer.com
Digg'n 4U Contracting Ltd,https://www.diggn4u.ca/,250-766-3519,info@diggn4u.ca
Dirt Nerd Earthworks,https://www.dirtnerdearthworks.com,(236) 599-0616,info@dirtnerd.ca
District of Lake Country,https://bclca.com/about/,7783831037%20,office@bclca.com
Diversity Dance,https://www.diversitydanceandfitness.com/,(250) 307-8982,diversityvernon@gmail.com
Divya Sutra Plaza and Conference Centre,https://divyasutravernon.com/,(250) 542-3321,contact@thehotel.com
Do Some Good,https://www.dosomegood.ca/en-CA/home,(778) 760-1099,info@dosomegood.ca
Do The Okanagan,https://www.tourismvernon.com/about-vernon/contact-us,(250) 550-4466,info@tourismvernon.com
Dodds Auction,https://doddsauction.com/,(250) 545-3259,doddsauctionvernon@gmail.com
Dosa Crepe Cafe,https://dosacrepecafe.com/,7784750151,dosacrepecafe@gmail.com
Dr Jody Snook,https://vernonmsa.ca/,,support@vernonmsa.ca
Dr. Dwayne Ogasawara Corp,https://support.opencare.com/hc/en-us,(250) 542-2361,support@opencare.com
Dr. Gordon Davidson,https://vernonmorningstar.com/services/contact-us/,(250) 309-4252,editor@vernonmorningstar.com
Dr. Julian Sernik,https://doctorsernik.ca/,236-600-0276,admin@doctorsernik.ca
Dr. Kevin Preston,https://drkevinpreston.com/contact/,7784753748,info@drkevinpreston.com
Dr. Mark Loland,https://lolanddental.ca/,7784750154,reception@lolanddental.ca
Dr. Splawinksi/Croft Inc,https://www.dentistdirectorycanada.ca/contact-us/,(250) 545-1339,info@dentistdirectorycanada.ca
Dr.'s Office,https://clinicfinder.ca/contact/,2505031021,info@clinicfinder.ca
DuMoulin Boskovich LLP Lawyers,https://www.dubo.com/#contact,(778) 943-2077,info@dubo.com
Dutch's Campground,https://www.dutchscampground.com/contact,250-545-1023,dutchs.coldstream@gmail.com
Eagle Industries,https://eagleindustries.ca/pages/contact,(416) 553-2270,info@eagleindustries.ca
Earth Elements,https://www.earthelementsgiftshop.com/,(250) 540 4119,earthelementsgiftshop@gmail.com
Eat Good Market Deli - Pineapple Express Bistro,https://www.happycow.net/contact,+1-250-307-7036,eatgoodmarket0@gmail.com
Echo Lake Resort,https://echolakeresort.ca/,250-547-6434,info@echolakeresort.ca
ECOTECTURE,https://www.ecotecture.ca/,(250) 542-8085,hello@ecotecture.ca
Edge Photography,https://kelownaphoto.ca/,250-309-2444,contact@kelownaphoto.ca
Edward J Woolley Law Corp,https://woolleylaw.ca/,250-542-9944,reception@woolleylaw.ca
Eimer Bros. Trucking,https://reimerbros.com/,250 546 8625,info@reimerbros.com
Electrolysis by Nicole,https://www.vernonelectrolysis.ca/,,info@vernonelectrolysis.ca
Elements Adventure Company,https://www.elementsadventures.com/contact/,250-308-8924,admin@elementsadventures.com
Elevate Day Spa & Hair Studio,https://www.elevatedayspa.ca/,(250) 517-8615,elevatedayspa@outlook.com
"Elke's Landscape Design, Coaching & Consulting",https://elkeslandscapedesign.ca/about-2/,250-808-1896,elkeshomepage@gmail.com
Elks Lodge Lodge #45,http://vernonelks.com/contact/,(250) 549-1883,vernonelks45@gmail.com
Ellison Provincial Park,https://bcparks.ca/contact/,250-766-7972,camping@campokanagan.ca
Elodies Playhouse Cafe,https://www.elodiesplayhouse.ca/,(778) 943-3003,info@elodiesplayhousecafe.ca
Enco Construction Ltd,https://encoconstruction.ca/,250-766-4278,info@encoconstruction.ca
Enderby & District Arts Council,,(236) 586-6600,contact@enderbyartscouncil.org
Enderby & District Financial,https://www.trucooperativebank.ca/enderby-district-financial/personal,(250) 838-6841,wvilleneuve@valleyfirst.com
Enderby & District Food Bank Society,https://www.enderbyfoodbank.ca/contactus,(250) 309-2667,admin@enderbyfoodbank.ca
Enderby & District Recreation Services,https://www.enderbyrecreation.com/,(250) 838-2665,recreation@enderby.ca
Enderby & District Senior Citizens Complex Society,,,enderbyseniorcomplex@outlook.com
Enderby Curling Club,https://enderby.curling.io/contact,+12508386702,sandyeh8@gmail.com
Enderby Dental Centre,https://www.enderbydentalcentre.ca/,250-803-5046,enderbydentalcentre@gmail.com
Enderby Flowers & Gifts,https://www.enderbyflowershop.com/,(778) 443-5037,enderbyflowers@gmail.com
Enderby Jewellers,https://www.enderbyjewellers.com/verify.html?next=/contact-us/,(250) 838-7123,info@enderbyjewellers.com
Enduro Financial & Advisory,https://www.ainvest.com/,,support@ainvest.com
Enns & Co,https://www.ennsco.com/,604-434-5800,info@enns.ca
Equal People HR,https://www.equalpeople.ca/contact,(250) 575-3949,hello@equalpeople.ca
"Eric Hutton, RMT",https://erichuttonrmt.com/,2503063742,erichuttonrmt@gmail.com
Erika Laramore - Mortgages (Dominion Lending),https://dominionmortgagepros.ca/contact/,250-306-4519,info@dominionmortgagepros.ca
Everton Ridge Homes Ltd,https://evertonridge.ca/contact/,(236) 426-0388,sales@evertonridge.ca
Evident New Media,http://evidentnewmedia.com/,,info@evidentnewmedia.com
Executive Maintenance,https://www.autologiq.ca/contact-us/,250-308-6280,service@autologiq.ca
Experior Financial Group Kimberley Greenizan,https://kgreenizan.experiorfinancial.com/contact/,4039939961,kgreenizan@experiorfinancial.ca
Falconhurst Window Cleaning,https://www.falconhurst.pro/,604-308-5647,info@falconhurst.pro
Family First Optometry,https://familyfirstoptometry.ca/,(250) 541-9292,info@familyfirstoptometry.ca
Fearless Training Okanagan,https://www.fearlesstrainingokanagan.ca/,250-308-6916,fearlesstrainingokanagan@gmail.com
FH&P LAWYERS LLP,https://www.fhplawyers.com/,(778) 940-3480,info@fhplawyers.com
First Baptist Church,https://www.fbcarmstrong.org/,250 546 9598,office@fbcarmstrong.org
Fleur Seasons Designs,https://fleurseasonsdesigns.ca/,,fleurseasonsdesigns@yahoo.com
Floramaxx Technologies,https://www.floramaxx.ca/,778.754.6299,info@floramaxx.ca
FOREFRONT Immigration Services Inc,https://forefrontcanada.com/,(250) 550-4177,info@forefrontcanada.com
Forge Electric Ltd.,https://www.forgeelectric.ca/,604-828-5932,info@forgeelectric.ca
Forge Valley Storage,https://www.forgevalleystorage.com/,2505452373,hello@forgevalleystorage.com
Foster Janitorial Services,http://fosterjanitorial.com/quote-contact/,250-307-8979,contact@fosterjanitorial.com
Frank's Autobody Repair - CSN,https://csncollision.com/,(250) 545-6906,info@csncollision.com
Freechild Farm,https://www.freechildfarm.com/,250 307 4581,freechildfarm@gmail.com
Freedom Counselling,https://www.freedomcounselling.com/contact,250-550-5482,info@freedomcounselling.com
Freedom Flight Park,,,freedomflightpark@gmail.com
Fresh Valley Farms,https://freshvalleyfarms.ca/contact/,250 540 7500,events@freshvalleyfarms.ca
Frog Friendly Coffee (Enderbeans),https://frogfriendlycoffee.com/,(250) 838-0181,karla@frogfriendlycoffee.com
Funtastic Sports Society,https://funtasticsports.ca/,(250) 558-7756,office@funtastic.org
Galaxie Powder Coating,https://galaxiepowdercoating.ca/,1-250-547-6779,galaxiepowdercoating@gmail.com
Gallery Artiva,https://www.galleryartiva.com/,250-307-0675,galleryartiva@gmail.com
Gallery Vertigo,https://galleryvertigo.com/contact-us/,(250) 503-2297,galleryvertigonoaa@gmail.com
Gambell Farms,https://www.tourismkelowna.com/contact/,250.861.1515,info@tourismkelowna.com
Gambrinus Malting Corporation,https://gambrinusmalting.com/,250 546 8911,info@gambrinusmalting.com
Gardner Wayne Sundance Realty Group,https://new.realtycalendar.ru/,250-558-9516,support@realtycalendar.ru
Gaudette Alan M,https://www.gaudettefamilylaw.ca/contact-us,236-600-2879,info@gaudettefamilylaw.ca
GEM Quality Homes,https://gemqualityhomes.ca/,250-308-6390,hello@gemqualityhomes.ca
Gennyleigh's Hairstyling & Esthetics,,(250) 804-9733,genny.leigh_2016@yahoo.com
Gentleman's Shop and Shave Parlour,https://www.thegentlemensshopandshaveparlour.com/,(236) 426-4575,gentlemensshaveparlour@gmail.com
Gilbert Parts Depot,https://gilbertparts.ca/auto-parts-armstrong,250 546 3137,admin@gilbertparts.ca
Glamping,https://www.okeeferanch.ca/contact-us,250 542 7868,admin@okeeferanch.ca
GOGO Sushi,https://www.turtlebaygogosushi.ca/contact,(778) 480-1600,turtlebaygogosushi@gmail.com
Gord Oh's Food,https://www.southshuswapchamber.com/,(250) 575-7058,manager@southshuswapchamber.com
Gostlin Keefer Lake Lodge,https://keeferlakelodge.com/,250-547-6750,info@keeferlakelodge.com
Gravity Physiotherapy,https://www.gravityphysiotherapy.com/,250-540-4903,derek@gravityphysiotherapy.com
Greek House Restaurant,http://www.greekhouserestaurant.ca/,+1-250-766-0367,greekhouse@telus.net
Green Guard Eco-Scapes,https://greenguardeco-scapes.ca/,(250) 306-7735,info@greenguardeco-scapes.ca
Grey Fox Brewery,https://kelownacapnews.com/services/contact-us/,250-763-3212,sales@kelownacapnews.com
Guided Heart Home Care,,(250) 309-0730,info@guidedhearthomecare.ca
H A O Goodair Heating & Air Conditioning,https://haogoodair.ca/,250-545-6662,info@haogoodair.ca
H.M. Krause Jewellers,https://www.krausejewellers.ca/,(250) 542-1911,info@krausejewellers.ca
Habitat for Humanity Okanagan,https://www.habitatforhumanityokanagan.ca/contact/,(778) 755-4346,admin@hfhokanagan.ca
Hairitage House Salon,https://www.hairitagehousesalon.com/,,hhsalon701@gmail.com
Hands On Health Chiropractic,https://handsonhealthvernon.ca/,250-503-2906,info@handsonhealthvernon.ca
Happi Dani (Tea Sommelier),https://www.happidani.com/contact,604 355 6186,hello@happidani.com
Harmony Holistic Health,https://harmonyholistichealth.janeapp.com/,(778) 846-4049,ruthszerepirmt@gmail.com
Harrison Andrea,https://www.beenverified.com/contact/,,support@beenverified.com
Hawthorne Storage,https://hawthornestorage.ca/,250 546 4015,mail@hawthornestorage.ca
Healing Garden Spa & Wellness,https://www.healinggardenvernon.ca/,(778) 475-8686,info@healinggardenvernon.ca
Health and Medical Services,https://lumbyhealthcentre.org/contact-us/,1-250-547-9741,lumbyhealthcentre@shaw.ca
HearingLife,https://www.hearinglife.ca/,(250) 542-3564,info@hearinglife.ca
Heartwood Homes Ltd,https://heartwoodvernon.com/,250-542-0098,info@heartwoodvernon.com
Heaton Place Retirement Community,http://www.heatonplace.com/contact,250 546 3353,info@heatonplace.com
Henry Czerwonka - Chartered Professional Accountant,https://ca.showmelocal.com/about/,250-309-5710,info@showmelocal.com
Hewberry Alarms Ltd,https://www.hewberryalarms.ca/,(778) 475-4320,hewberryoffice@gmail.com
Hill Environmental Ltd,https://hillenvironmental.ca/contact/,(250) 546-4069,info@hillenvironmental.ca
Hillview Golf Course,https://www.hillviewgolf.ca/contact/,(250) 549-4653,info@hillviewgolf.ca
Hogarths Clinic Pharmacy,https://www.hogarths.ca/,(250) 545-3660,info@hogarths.ca
Holiday Park RV & Condo Resort,https://sweetlife.com/contact/,250-215-5239,reservations@holidaypark.ca
Holmes Electric Ltd,https://www.holmesonohms.com/contact-us/,+12508615557,diane@holmeselectric.ca
Hometown Cleaning Services,https://hometowncleaningservices.ca/,250-503-7102,hometownhousecleaners@gmail.com
Horizon Auto Detailing,https://www.horizonautodetailing.ca/,(780) 236-4359,info@horizonautodetailing.ca
Horse Drawn Okanagan,https://www.pilotfarmandforge.com/,250 540 7344,info@pilotfarmandforge.com
Hugo's Moving,https://www.hugosmoving.com/,(778) 475-1763,info@hugosmoving.com
Hunger Payne's Food Truck,https://hungerpaynesfoodtruck.com/,(403) 968-7087,hungerpaynes@icloud.com
Hunter Exteriors,https://hunterexteriors.ca/,(250) 306-6638,hunterexteriorsvernon@gmail.com
Huska Holdings,https://www.huskaholdings.ca/,(250) 762-4028,admin@huskaholdings.ca
I Can See Clearly Now Window Cleaning,https://icanseeclearlynow.com.au/,250-838-0713,icanseeclearlynowgc@gmail.com
I Q Film & Vinyl Specialists Ltd,https://www.iqfilm.ca/,250-260-0908,frontdesk@iqfilm.ca
IA Private Wealth,https://www.mindsetwealth.com/,778-475-0088,reception@mindsetwealth.com
Ice Cream,https://www.sugarbeesicecream.com/contact,,sugarbeesicecreamco@gmail.com
Idlewild Massage Therapy,https://idlewildhealth.ca/,250-308-2487,info@idlewildhealth.ca
IG Wealth Management,https://www.newvernonwealth.com/,,info@nv-wm.com
Image Electric Ltd,https://www.imageelectric.ca/,250-275-8725,info@imageelectric.ca
Impact Sport & Health Clinic,https://impactsport.ca/,250-309-4184,impactsportclinic@gmail.com
Imperical Counselling & Coaching,https://www.wisebodycounselling.com/,+1-778-400-4984,margob52@telus.net
Independent Living Vernon,https://www.ilvernon.ca/index.php,,info@ilvernon.ca
Inspire Consignment Boutique,https://www.inspireconsignment.com/,(604) 790-2798,inspireboutiquevernon@gmail.com
Integrity Mortgage Inc,https://integritymortgage.ca/,250-546-6140,team@integritymortgage.ca
Interior Freight & Bottle Depot,https://www.interiorrecycling.com/,(250) 545-5706,info@interiorrecycling.com
Interior Heavy Equipment School,https://iheschool.com/,1-866-399-3853,info@iheschool.com
"Interior Transmission ""Plus"" Auto Repair",https://interiortransmission.com/,250-545-9579,info@interiortransmission.com
Iron Creek Industries,https://ironcreekindustries.ca/,250 546 3081,office@ironcreekindustries.ca
J-Ball Electronics Inc.,https://jballelectronics.com/,(778) 475-5528,info@jballelectronics.com
J-DON Japanese Donburi,http://www.jdoncafe.com/contact.html,,info@jdoncafe.com
Jade Asian Kitchen,https://jadeasiankitchen.com/,2369968828,info@jadeasiankitchen.com
"Jade Bay , Design. Construct.",https://www.jadebayconstructors.ca/,250-548-3262,office@jadebayconstructors.ca
James Weir Immigration,https://www.liveincanadanow.net/,(250) 938-4480,jweirimmigration@gmail.com
JBenedict Cleaning Services,https://www.jbenedictcleaningservices.ca/,250-409-9299,info@jbenedictcleaningservices.ca
Jbez Welding,https://www.jbezwelding.ca/,778-930-1272,jbezwelding@gmail.com
JC Bradley Jewellers,https://jcbradleyjewellers.com/,(236) 426-4944,info@jcbradleyjewellers.com
JCI-Junior Chamber International Vernon,https://www.jcivernon.com/,(250) 549-7199,commuincations.jcivernon@gmail.com
Jealous Fruits,https://www.jealousfruits.com/,(250) 766 0738,info@jealousfruits.com
Jealous Pizza N Donair,https://jealouspizza.com/,778 442 0022,jealouspizzaarmstrong@gmail.com
Jessica Nicole Studio,https://www.jessicanicolestudio.com/,250-542-0888,support@jessicanicolestudio.com
Jim's Place Pizza,https://jimsplacepizza.com/,250-549-3700,jimsplacepizza@gmail.com
Jj's Pizza Plus Ltd,http://jjspizzaplus.com/,250 546 3333,info@jjspizzaplus.com
Johnston Meier Insurance Agencies Group,,(250) 838-7333,lynne.holmes@jmins.com
Jonnie & Lily's Diner,https://jonnieandlilysdiner.com,778 442 3373,info@jonnieandlilysdiner.com
Joy Hair Salon,https://joysalon.ca/contact-us/,778 932 2223,contact@joysalon.ca
JTL Contracting,,1-250-503-8091,jtlcont@gmail.com
Juan M O'Quinn,https://www.cbu.ca/contact-us/,,internationalaccounts@cbu.ca
Just For You Spa & Salon,https://www.justforyouspaandsalon.ca/contact-us,(250) 549-2488,info@justforyouspaandsalon.ca
K&K Builders,https://www.pioneerloghomesofbc.com/about-us/contact-us/,403-369-7056,sales@pioneerloghomesofbc.com
Kalagan Outdoor Design,https://www.kalaganoutdoordesign.com/,250-306-9449,info@kalaganoutdoordesign.com
Kalamalka Eagle Feather Security Corp,https://kalamalkaefsecurity.com/,(778) 215-7266,admin@kalamalkaefsecurity.com
Kalamalka Eye Care,https://kalamalkaeyecare.ca/,(778) 475-2015,reception@kalamalkaeyecare.ca
Kalamalka Indigenous Garden,https://www.kalamalkagarden.ca/,,info@kalamalkagarden.ca
Kalamalka Physiotherapy Centre,http://www.kalphysio.com/contact-us,250-503-2112,kalamalkaphysiotherapy@gmail.com
Kalamalka Starfish Society,https://starfishpack.com/contact/,(250) 558-8366,admin@chilliwackbowlsofhope.com
Kapiti Built Ltd,https://www.kapitibuilt.ca/,1+250+869+7212,info@kapitibuilt.ca
Kcw Construction,https://kcwconstruction.ca/,1 778 212 2240,info@kcwconstruction.ca
Keith Dahlen Construction Ltd,http://keithconstruction.ca/contact/,(250) 545-1300,info@keithconstruction.ca
Kekuli Bay Cabinetry,https://kekulibaycabinetry.com/,(250) 558-5112,sales@kekulibaycabinetry.com
Kelli Hanson,https://www.kellihansoncounselling.com/,250-351-6487,kellihansoncounselling@gmail.com
Kelowna-Lake Country Conservatives,https://interior-news.com/services/contact-us/,250-877-5600,sales@interior-news.com
Kentucky Fried Chicken 1874,https://www.hospitalityonline.com/contact,(250) 545-0741,sales@hospitalityonline.com
Kerkhoff Real Estate Development Ltd,http://www.kerkhoff.ca/contact/,(604) 824-4122,info@kerkhoff.ca
Keylight Photography,https://www.keylightphotography.ca/,12503062517,info@keylightphotography.ca
Keystone Property Management Ltd,https://keystone.pm/,(250) 550-4543,office@keystone.pm
Kidston Helm Ross Lawyers,https://www.kidston.ca/,(250) 545-0711,info@kidston.ca
Kiki Gardens,https://www.kikigardens.com/contact/,(250) 545-2757,info@kikigardens.com
Kindale Developmental Association,https://www.kindale.net/,(250) 546-3005,kindale@kindale.net
KingFisher Boats,https://kingfisherboats.com/contact-us/,(250) 545-9171,admin@kingfisherboats.com
Kits & Kats Sitting Service,https://www.kitsandkats.com/,250-545-9668,kitsandkatssittingservice@gmail.com
Kiwi Auto,https://www.kiwiauto.ca/,(250) 542-1425,kiwiautovernon@gmail.com
Krafty Bikes,https://kraftybikes.com/pages/rentals,1-877-491-2554,info@kraftybikes.com
Krispy Cravings,https://www.krispycravings.com/,778-943-1053,info@krispycravings.com
Kt Fairglass Ltd,https://ktfairglass.com/,778-760-8382,info@ktfairglass.com
Kula Rigging and Crane,,1-250-308-9424,ben@krcrane.ca
L'Isola Bella Bistro,https://www.lisolabella.ca/contact/,+1-250-766-7625,info@lisolabella.ca
La Carraia Gelato,https://www.lacarraiavernon.com/contact-us/,2505501908,lacarraia.bc@gmail.com
LabelPak Printing Inc,https://www.labelpakprinting.com/,(604) 943-1588,sales@labelpakprinting.com
Lake City Law Corporation,https://www.lakecitylaw.ca/contact,(250) 800-1077,admin@lakecitylaw.ca
Lake Country ArtWalk,https://www.lakecountryartwalk.ca/,250-766-4406,info@lakecountryartwalk.ca
Lake Country Auto,https://lakecountryauto.ca/,123-456-7890,contact@mysite.com
Lake Country Brewing,https://www.bbco.ca/,+16042739379,info@bbco.ca
Lake Country Builder Mart Ltd,https://timbermart.ca/en/about-gooderham-timbermart/,250-766-2118,steve.donaldson@timbermart.ca
Lake Country Jewellers,https://www.lakecountryjewellers.ca/,778-480-0088,lakecountryjewellers@gmail.com
Lake Country Kids,https://lakecountrydance.ca/,2507664502,info@lakecountryschoolofdance.com
Lake Country Landscaping,https://lakecountrylandscaping.ca/,250-317-5773,lakecountrylandscaping456@gmail.com
Lake Country Pest Control,https://gopropestcontrol.com/,250-215-5243,info@gopropestcontrol.com
Lake Country Self Storage,https://www.lakecountrystorage.ca/contact-us,2507662430,info@lakecountrystorage.ca
Lake Country Senior Housing Society,https://www.volunteerconnector.org/contact-us,1 (888) 688-2161,info@volunteerconnector.org
Lake Country Truss Ltd,https://lakecountrytruss.ca/,(250) 558-1423,info@lakecountrytruss.ca
Lake Life Pontoon Cruises,https://lakelifepontooncruises.ca/,+17789772628,info@lakelifepontooncruises.ca
Lake Okanagan Resort,https://lakeokanagan.com/,+1-250-769-3511,info@lakeokanagan.com
Lakeland Excavating,https://lakeviewequip.com/,+12508014847,kyle@lakeviewequip.com
Lakers Clubhouse DGC,https://www.mypacer.com/about,,info@mypacer.com
Lakeside Hearing,https://lakesidehearing.com/contact/,+12364200294,info@lakesidehearing.com
Lakeside Landscaping Prop,https://lakesidelandscaping.ca/homepage/,250-862-6109,info@lakesidelandscaping.ca
Lakeview Glass,https://lakeviewglassbc.com/,250-300-8014,sales@lakeviewglassbc.com
Landing Nursery Ltd,https://www.landingnurseryltd.ca/contact,,office@landingnurseryltd.ca
LaserArt Engraving,,1-250-859-8624,laserartengraving1@gmail.com
LC Legend Capital Inc,https://www.lclegendcapital.ca/contact-us,(250) 241-3636,info@lclegendcapital.ca
LDR Construction,https://ldrconstruction.com/,(250) 307-8562,info@ldrconstruction.com
Lensmakers Optical,https://www.lensmakersoptical.ca/contact/,(250) 545-3225,lensmakersvernon@gmail.com
Lesia Design & Digital Inc,https://www.lesiadesign.com/,(306) 371-6637,info@lesiadesign.com
Let Us Garden Sales & Services,https://greenlii.com/,250-540-6591,info@greenlii.com
Let's Talk Communication,https://www.letstalkcommunication.ca/,(778) 836-8173,info@letstalkcommunication.ca
Lihilihi Lashes,https://lihilihilashes.ca/,236-426-4600,info@lihilihilashes.ca
LINQ Flooring,https://linqflooring.com/,(250) 281-1116,sales@linqflooring.com
Literacy Society of the North Okanagan,https://www.literacysociety.ca/,(250) 275-3117,admin@literacysociety.ca
Little Blue House Registered Massage Therapy,https://www.littlebluehousermt.com/,778-212-5980,littlebluehousermt@gmail.com
Little Miracles Preschool,https://littlemiraclespreschool.ca/,(250) 503-2220,hello@divi.edu
Little Moments Learning Centre,https://www.little-moments.ca/,250-307-9003,info@little-moments.ca
Little Seedlings Daycare,https://littleseedlingsdaycare.ca/contact-us/,250 546 3600,littleseedlings21@gmail.com
LNH Equipment LTD,https://www.lnhequipmentltd.com/contact-us.html,1-250-206-0217,lnhequipmentltd@gmail.com
Loewen Drywall LTD,https://www.loewendrywall.com/,1-250-308-9233,info@loewendrywall.com
Lotus And Lace Esthetics,https://www.wellnessliving.com/,250-801-1133,sales@wellnessliving.com
Lotus Counselling,https://visibook.com/,(250) 550-4505,hello@visibook.com
Lumby & District Museum,https://www.rdno.ca/contact-us,1-250-547-9524,lumbymuseum@gmail.com
Lumby Curling Club,https://lumbycurlingclub.ca/,,info@lumbycurlingclub.ca
Mabel Lake Farms,,(250) 838-6248,mabellakefarms@gmail.com
Mabel Lake Golf & Airpark,,(250) 308-8277,blairlaursen@mabellakegolf.com
Mackie Lake House Foundation,https://www.mackiehouse.ca/contact/,(250) 545-1019,info@mackiehouse.ca
Madison's Pet Grooming,https://madisongroom.square.site/,1-250-307-6329,madisongroom@live.ca
Mainland Sleep Clinic,https://www.mainlandsleep.ca/,,info@mainlandsleep.ca
Makasoff Construction,https://makasoffconstruction.ca/contact-2/,1-250-308-9900,mgmcon@telus.net
Mara Cottage Campground,https://maracottagecampground.com/,250-307-8002,maracottagecampground@gmail.com
Maria Rose Bed & Breakfast,http://www.vernonmariarosebandb.com/,250-549-4773,mariarosebb@gmail.com
Mark Nich Real Estate,https://marknich.com/,250-309-1810,info@marknich.com
Masiero Pizzeria Napoletana,https://www.masiero.ca/,(778) 943-2019,info@masiero.ca
Massage Therapy Lake Country,https://www.rmtlakecountry.com/,250-766-2542,rmtlakecountry@gmail.com
Matchett Construction,https://www.buildzoom.com/contact-us,1-250-938-9831,bjmatchett@gmail.com
Maven Lane,https://mavenlane.org/contact-us/,(250) 558-9963,ed@mavenlane.org
MC Creations,https://mccreations.ca/,(250) 503-7866,info@mccreations.ca
McCaw's Drilling & Blasting Ltd,https://www.mccawsdrilling.com/,(403) 845-3101,info@mccawsdrilling.com
Mel's Pizza,https://melspizza.ca/,(250) 838-6710,melsmainstreet@gmail.com
Melvin Orr Construction,https://www.vernonconstruction.ca/contact,250-546-6972,info@vernonconstruction.ca
Meridian Rehabilitation Consulting Inc,https://www.meridianrehabilitation.ca/,(250) 542-3089,info@meridianrehab.ca
Michelle Cornish,https://clarity.fm/about,778-442-2515,support@clarity.fm
Midtown Bistro,https://www.midtownbistro.ca/,(250) 308-7477,hmidtownbistro@gmail.com
Mighty Mouse Daycare Inc,https://mightymousedaycare.com/,(250) 503-0851,mightymousedaycare@gmail.com
Mike Amies,https://www.agoda.com/,250-241-5675,mike.amies@gmail.com
Mirror Image Building Maintenance,https://www.resizepixel.com/contact,250-979-8369,contact@resizepixel.com
MJK Plumbing & Heating,https://ca.maptons.com/,(250) 306-8376,mjkplumbheat@gmail.com
Mobilawn Landscape & Lawn Care,https://mobilawn.com/,250-307-1861,info@mobilawn.com
Modulux Design Ltd,https://moduluxdesign.com/,(250) 766-3053,info@moduluxdesign.com
Mona Vision Inc,https://monavisionoptical.com/,250-766-0555,mona.vision@gmail.com
Monashee Aquifer Testing & Well Pumps,,1-250-572-6709,office@monasheeaquifertesting.ca
Monashee Arts Council,https://monasheeartscouncil.com/about-us/,1-778-473-3029,monasheeartscouncil@gmail.com
Monashee Community,https://www.monasheecommunitycoop.ca/contact/,1-778-473-2230,monasheecommunitycoop@gmail.com
Monashee Fitness Inc,https://monasheefitness.com/contact-us,250-547-2014,reception@monasheefitness.com
Monashee Health Collective,https://www.monasheehealthco.com/,(250) 540-5818,hello@monasheehealthco.com
Monashee Mews,https://www.agecare.ca/contact-us/,1-778-473-0100,info@agecare.ca
Monashee Optometry,https://monasheeoptometry.ca/contact-us/,2505501124,reception@monasheeoptometry.ca
Monashee Powder Snowcats Inc,https://www.monasheepowder.com/contact,(250) 545-0661,info@monasheepowder.com
Money Concepts,https://incrypted.com/,250-542-7181,sales@incrypted.com
Motionwave Group Ltd,,(778) 990-6300,colin@motionwavegroup.com
Mountain Home Services,https://mountainhomeservices.ca/,1-844-543-5261,info@mountainhomeservices.ca
Moxy HR Inc,https://moxyhr.ca,(250) 804-6655,info@moxyhr.ca
MQN Architects,https://mqn.ca/contact/,(250) 542-1199,info@mqn.ca
Mr Mikes,https://mrmikes.ca/contact/,+1-236-426-4436,vernon@mrmikes.ca
Museum and Archives of Vernon,https://vernonmuseum.ca/about/,(250) 542-3142,gwyn.evans@vernonmuseum.ca
My Big Fat Greek Food Truck,https://www.mybigfatgreekfoodtruck.com/,,info@mybigfatgreekfoodtruck.com
My Chef,https://mychefmealprep.ca/,,info@mychefmealprep.ca
My Harmony Wellness,https://www.myharmony.ca/,(778) 506-2412,info@myharmony.ca
Nagy Cylinder Rebuilding,https://nagycylinder.com/,(250) 547 9395,admin@nagycylinder.com
Nanimahoo Native Art Gallery,,(250) 804-5365,audreynanimahoo@gmail.com
New Golden Crown Restaurant,https://guidetodiningout.ca/,,info@guidetodiningout.ca
New Horizon Productions,https://www.nhpav.com/,(250) 762-6775,info@nhpav.com
Nexus/WorkBC,https://workbccentre-vernon.ca/contact-us/,(250) 838-2324,sarah@nexusbc.ca
Nick Renton - William Wright Commercial,https://www.williamwright.ca/contact-us/,(778) 584-5308,office@realeswp.com
Nixon Earthworks,https://www.nixonearthworks.com/,,admin@nixonearthworks.com
Noah's Pro Painting,https://www.noahspropainting.com/,778-821-2559,noahspropaint@gmail.com
Noble Yoga Studio,https://www.nobleyoga.studio/contact,(778) 475-5556,hello@nobleyoga.studio
Nokomis Landscaping Ltd,https://nokomislandscaping.com/,(250) 938-5225,nokomis.landscaping@gmail.com
North Okanagan Community Life Society,http://nocls.com/contact,(250) 545-5153,admin@nocls.com
North Okanagan Junior Academy,https://noja.ca/,250 546 8330,office@noja.ca
North Okanagan Orthodontic Clinic,https://northokanaganortho.com/,(250) 542-4118,info@northokanaganortho.com
North Okanagan Skin & Laser,https://nosl.ca/,(250) 542-2721,info@nosl.ca
North Okanagan Smile Design Dental Centre,https://www.northokanagansmiledesign.ca/contact-us,250-838-2417,info@northokanagansmiledesign.ca
North Okgn Construction Ltd.,https://www.nokgnconstruction.ca/,250-550-9412,office@nokgnconstruction.ca
North Valley Contracting Ltd,https://www.northvalleycontracting.com/,250 540 3001,info@northvalleycontracting.com
Norval Arena,https://wanderlog.com/,,admin@wanderlog.com
Novalux Designs,https://novaluxdesigns.ca/contact-us,(778) 938-7734,info@novaluxdesigns.ca
Nurturing Nature Organics Inc,https://nurturingnature.ca/contact/,250-766-1123,info@nurturingnature.ca
Nuvel Skin and Laser,https://nuvelmd.ca/,(250) 503-1960,info@nuvelmd.ca
O'Rourke's Peak Cellars,,,info@peakcellars.com
OK Supreme Roofing & Painting,https://www.oksupreme.ca/,778-946-0672,info@oksupreme.ca
Okanagan Affordable Rentals Inc,https://www.okanaganaffordablerentals.ca/contact,(250) 558-8156,okanaganaffordablerentals@gmail.com
Okanagan Assured Bookkeeping,https://monasheetourism.com/,1-250-547-2139,m_c@okassured.ca
Okanagan Bake House,https://okbakehouse.com/,236-426-2422,info@okbakehouse.com
Okanagan Christadelphians,https://www.okanaganchristadelphians.org/,,okanaganchristadelphians@gmail.com
Okanagan Exteriors Inc,https://www.okanaganexteriors.ca/,2508261595,okanaganext@gmail.com
Okanagan Flower Spot Ltd,https://www.theflowerspot.ca/,250-549-0896,info@theflowerspot.ca
Okanagan Geothermal Ltd,https://www.okanagangeothermal.net/,250 838 0809,info@okanagangeothermal.net
Okanagan Glamping Co,https://okanaganglamping.com/,250-241-2552,okanaganglamping@gmail.com
Okanagan Insulation Services,https://www.okinsulation.ca/,12504915818,info@okinsulation.ca
Okanagan Landscape Developments,https://www.peacocklandscaping.ca/,250-938-1609,info@peacocklandscaping.ca
Okanagan Learning Foundation,https://www.oklearns.com/,2505507474,stephanie@oklearns.com
Okanagan Printing,https://okanaganprinting.com/contact-us/,250 546 3121,info@okanaganprinting.com
Okanagan Recreation Rentals,https://www.okanaganrecrentals.com/,250-549-3613,info@okanaganrecrentals.com
"Okanagan Regional Library, Enderby Branch",,(250) 838-6488,enderby@orl.bc.ca
Okanagan Respite and Senior Services,https://www.okanaganseniorservices.com/,(250) 938-0745,info@okanaganseniorservices.com
Okanagan Sage Wellness Group Therapy,https://oksagewellness.com/,778-475-0252,oksagewellness@gmail.com
Okanagan Shade & Shutter Ltd,https://okss.ca/,(250) 540-9656,info@okss.ca
Okanagan Skydive,https://www.okanaganskydive.com/contact.html,250-542-4487,info@okanaganskydive.com
Okanagan Spring Brewery,https://okspring.com/contact/,(250) 542-2337,info@okspring.com
Okanagan Tax & Business Services,https://oktax.ca/,(250) 545-5512,info@oktax.ca
Okanagan Valley College of Massage Therapy,https://www.ovcmt.com/,(250) 558-3718,info@ovcmt.com
Okanagan Valley Painting Services Ltd,,(250) 832-5995,ovps@xplornet.ca
OKGN Property and RV Maintenance,https://www.okgnproservices.ca/,,okgnproservices@outlook.com
OKIB Group of Companies,https://www.okibgc.ca/,(250) 545-4328,info@okibgc.ca
OKV Electrical Ltd,https://okvelectric.ca/,(250) 540-6894,admin@okvelectric.ca
Olameter Inc,https://www.olameter.com/contact,250-503-5469,recruiting@olameter.com
Olive Us Oil & Vinegar Tasting Room,https://oliveusoils.com/,(250) 260-2880,info@oliveusoils.com
On Point Construction And Forming Ltd.,https://opcf.ca/,250-307-7903,info@opcf.ca
One Step Foot Care Inc,https://onestepfootcare.com/,(250) 938-3668,info@onestepfootcare.com
"Oscar Barnes, Barrister & Solicitor",https://obarneslaw.com/contact-us,2507660660,reception@obarneslaw.com
Osprey Solutions,https://www.osprey.solutions/,(778) 910-0756,service@osprey.solutions
Outbackjacks Horse Rescue Thrift Store,https://www.adoptdont.shop/,250-438-0062,support@adoptdont.shop
Owl Painting Company,https://www.owlpaintingcompany.com/contact,778 994 2169,owlpaintingco@gmail.com
O’Connell Enterprises,,(250) 253-4823,joanne@oconnellenterprises.ca
Painted Ladies Vernon,https://www.paintedladiesvernon.com/,(250) 309-7922,paintedladiesvernon@gmail.com
Paradise Lodge,https://www.econolodgevernon.ca/,,econolodge.vernon@gmail.com
Paraglide Canada,https://www.paraglidecanada.com/,250-899-3683,info@paraglidecanada.com
Paramount Glass Solutions,https://paramountglasssolutions.ca/,250-838-7983,info@paramountglasssolutions.ca
Parhelia Massage Therapy Corporation,https://parheliamassagetherapy.janeapp.com/,250-814-7690,info@parheliamassage.com
Pawsome Walks Brigade Dog Walking,https://www.pawsomewalksbrigade.com/,(250) 540-7577,pawsomewalksbrigade@gmail.com
Peace Mediation Services,https://peacemediation.ca/,(778) 888-4119,julieannebond@hotmail.com
Peak Cellars & Garden Bistro,https://peakcellars.com/,250-766-9922,events@peakcellars.com
Peak Law Group LLP,https://www.peaklaw.ca/,(604) 210-8066,info@peaklaw.ca
Pelvià Physiotherapy,https://pelviaphysiotherapy.ca/contact/,778-475-4886,pelviaphysiotherapy@gmail.com
Perfect Line Painting,https://www.lacassepainting.com/,778-212-5190,lacassepainting@gmail.com
Petawatts Auto Marine RV LTD,https://petawatts.ca/,(778) 692-3024,info@petawatts.ca
PHOENIX Stretch Ceilings,https://www.phoenixstretchceilings.com/contact/,(250-212-9921,info@v6b.com
Phreeagent Creative,https://www.phreeagent.com/,(250) 307-3713,info@phreeagent.com
Pickleball Depot Ltd,https://www.pickleballdepot.ca/,(250) 550-5280,sales@pickleballdepot.ca
Piers Partners and Resources,https://pierspartners.ca/,2364263838,info@pierspartners.ca
Pilgrims Produce,https://pilgrimsproduce.com/contact-us,250 546 3669,pilgrimscsa@gmail.com
Pivot RX,https://pivotrx.ca/,2505032350,info@pivotrx.ca
Pizza Pizza,https://www.pizzapizza.ca/for-you/contact-us/,(236) 426-2027,feedback@pizzapizza.ca
Pleasant Valley Painters INC,https://www.pvpainters.ca/,(250) 550-8318,bookings@pvpainters.ca
Polson Park Motel,https://polsonparkmotel.ca/,+1-250-549-2231,polsonparkmotel@gmail.com
Powerhouse Theatre,https://powerhousetheatre.net/,250-549-7469,info@powerhousetheatre.net
Prairie Crane Inc,https://prairiecrane.com/contact/,(250) 253-6669,sales@prairiecrane.com
Premier Pool and Spa,https://www.premiumpoolandspa.ca/,(778) 475-5646,info@premiumpoolandspa.ca
Premier Rollshutter Manufacturing Inc,https://premierrollshutters.com/,1-877-289-3989,info@prmi.ca
Pretium Group,https://pretiumcapitalgroup.ca/,(250) 308-9562,info@pretiumcapitalgroup.ca
Prima Contracting Inc,https://www.primaeng.com/,604-557-6400,info@primaeng.com
Printer World International Inc,https://printerworld.com/,(250) 542-4000,info@printerworld.com
Progression Muscle Bone and Joint,https://www.progressionmbj.ca/,,reception@progressionmbj.ca
Project Plus Strategies Inc,,(867) 689-2227,jody@projectplusstrategies.com
Prospera Credit Union,https://www.prospera.ca/contact,(250) 550-7500,info@prospera.ca
Prt Coldstream,https://prt.com/contact/,250-545-0638,info@prt.com
Quality Roofing,https://okanaganqualityroofing.ca/,,nailedit@energyeconomics.ca
Rad Energy Electric Ltd,https://www.radenergyelectric.com/,250-306-4868,info@radenergyelectric.com
Rain Wellness,https://rainwellness.ca/,(778) 475-7246,info@rainwellness.com
Raising Stars Preschool Ltd,https://raisingstarspreschool.ca/,(250) 938-7264,info@raisingstarspreschool.ca
Rancho Vignola,https://www.ranchovignola.com/contact-us,250 546 3343,info@ranchovignola.com
Raven Hair Studio,https://www.ravenhairstudio.ca/,(250) 542-4219,ravenhairstudiovernon@gmail.com
RE/MAX Priscilla,https://okanaganhomes.com/,1-800-317-1118,info@okanaganhomes.com
Red Apple,https://www.redapplestores.com/,250 546 2928,info@redapplestores.com
Red Road Recovery Ltd,https://redroadrecovery.com/,(289) 221-1084,contact@redroadrecovery.com
Reico Construction,https://www.reicoconstruction.com/,(250) 540-2533,info@reicoconstruction.com
Relate Janitorial Services Inc,https://relatejanitorial.com/,(250) 540-4851,booking@relatejanitorial.com
Restoration Lands Inc,https://www.restorationlands.com/,1-800-208-3439,info@restorationlands.com
Revolution RV,,(250) 838-7861,revolutiontrailerservices@gmail.com
Rhythm Productions,https://rhythmproductions.ca/,250 938 2978,info@rhythmproductions.ca
RISE Gymnastics Academy,https://risegymacademy.com/,(250) 241-7473,info@risegymacademy.com
Riverfront Pub,https://www.theriverfrontpub.com/contact.html,(250) 503-6361,riverfrontpub@hotmail.com
Rivers Breeze Cottage Retreat,https://www.hipcamp.com/en-CA/land/british-columbia-rivers-breeze-cottage-retreat-y0zhmdn5?adults=1&children=0&arrive=2026-07-01&depart=2026-07-02&pinnedImageId=3680d84b-23e9-4fdb-b908-7eedd3f99e9c,(250) 803-1800,riversbreezeretreat@outlook.com
Riverside RV Park & Campground,https://enderbycamping.com/,250-838-0155,info@enderbycamping.com
Robot House Automation,https://www.robothouse.net/contact-us,(250) 545-4786,info@robothouse.net
Rockwell Audiology Inc,https://www.rockwellaudiology.ca/,(250) 545-2226,info@cshhpbc.org
Rocky Mountain Concrete,https://www.rockymountainconcrete.ca/,1-250-547-6644,sales@rockymountainconcrete.ca
Rogers Foods,https://rogersfoods.com/contact-us/,250 546 8744,sales@rogersfoods.com
Rogers John Lepage,https://thesteenkampteam.com/,250-503-3996,davidsteenkamp@royallepage.ca
Roko Service Ltd.,https://rokoservice.com/contact/,(250) 542-5344,support@rokoservice.com
Rooksby Residential,,,rooksbycontracting@gmail.com
Room Collection (The),https://theroomcollection.ca/,(250) 260-6161,info@theroomcollection.ca
Roots & Rascals Children's Boutique,https://rootsandrascalsboutique.ca/,(250) 463-3464,rrboutique11@outlook.com
Rose City Wellness,https://rosewellness-vernon.com/contact/,(778) 475-7888,info@rosewellness-vernon.com
Rotech Motor Ltd,https://www.flyrotax.com/dis/rotechmotor,(250) 260-6299,sales@rotechmotor.ca
Rowe Kelly,https://kellyrowemortgages.ca/,250-260-0329,krowe@lendingmax.ca
Royal Canadian Legion,,,rcl167bc@shaw.ca
Royal Canadian Legion Branch #35,https://www.armstronglegion.org/,250 546 8455,legion35meatdraw@gmail.com
Royal Candian Legion,https://legionbcyukon.ca/,1-250-547-2338,info@legionbcyukon.ca
Royal Garden,https://www.royalgardenvernon.ca/contact-us,250-545-7866,royalgardenvernon@gmail.com
Royalty Painting,https://www.royaltypaintingbc.com/,250 307 5803,royaltypainters@gmail.com
RSB Custom Cruisers,https://topcompanies.ca/,1-250-308-8578,support@topcompanies.ca
S & P Financial Services Inc,https://www.vernonchamber.ca/,250-546-0244,info@vernonchamber.ca
S P Seymour Ltd,https://www.spseymourplumbing.ca/,1-844-279-8561,spseymour1893@gmail.com
Saffron Touch Indian Cuisine,https://saffrontouch.ca/,250-545-6558,info@saffrontouch.ca
Sage Environmental Consulting Inc,https://sageenvironmental.ca/,(250) 307-7365,admin@sageenvironmental.ca
Sandman Hotel & Suites,https://www.sandmanhotels.com/about-us,,info@sandman.ca
Sarah Smith Media,https://www.sarahsmithmedia.ca/,(604) 902-2935,info@sarahsmithmedia.ca
SASCU (Salmon Arm),,(250) 832-8011,andrewvandokkumburg@sascu.com
SASCU (Shuswap Insurance),https://www.sascu.com/,(250) 838-7707,info@sascu.com
Satoca Bike,https://satocabike.com/,778-943-1487,info@satocabike.com
Saucies 27 Pizza,https://saucies27.com/,236-426-0995,orders@saucies27.com
Saunders Painting & Decorating,https://www.jsaundersdecorating.co.uk/,250-766-9379,j.saundersdecorating@gmail.com
Scenic Valley Stoneworks,https://www.svstoneworks.com/,(250) 542-1075,sales@svstoneworks.com
Scentodore,https://Scentodore.com,(236) 550-7456,info@scentodore.com
Sea Stars Kids Boutique,https://www.seastarskids.com/,778 442 1717,seastarskidsboutique@gmail.com
Select Roofing,https://www.selectroofers.ca/,250 308 8666,sales@selectroofers.ca
Self Care Is Sacred Integrated Health,https://selfcareissacred.com/,236-426-1188,selfcareissacred@gmail.com
Sentinel Storage,https://www.sentinel.ca/contact-us/,(250) 542-9912,reservations@sentinel.ca
Setanta Landscapes Ltd,https://setantalandscapes.ca/,(778) 223-6845,setantalandscapes@gmail.com
Sharina Zantingh Physiotherapy,https://www.szphysio.com/,250-307-6670,sharinaphysiotherapy@gmail.com
Shepherd's Outdoor Living Centre,https://www.shepherdshardware.ca/,250 546 3002,info@shepherdshardware.ca
Shikaze Chiropractic,https://www.shikazechiropractic.com/,(250) 542-7878,shikazechiropractic@gmail.com
Showcase,https://ca.shopatshowcase.com/pages/contact-us,250-545-1151,support@shopatshowcase.com
Silver Sage Stables,https://ca.placedigger.com/,,support@placedigger.com
Silver Springs Seniors Community,https://silverspringsvernon.ca/,(250) 545-3351,generalmanager@silverspringsvernon.ca
Silver Star Line Marking,https://silverstarlinemarking.ca/,(236) 599-8048,info@silverstarlinemarking.ca
Silver Star Motel,https://www.silverstarmotel.com/,250-545-0501,bookings@silverstarmotel.com
Silverhill Nursery,https://silverhillnursery.ca/,250-513-0833,info@silverhillnursery.ca
Silverrock Land Corp,https://www.silverrockcorp.com/contact,(250) 558-0999,admin@silverrockcorp.com
Skeena Specialty Grocers,https://skeenaspecialtygrocers.ca/,,info@skeenaspecialtygrocers.ca
SKG Cleaning Solutions,https://www.skg.net.au/,250-540-0769,info@skg.net.au
Skyride,https://www.skyride.ca/,250-260-6777,info@skyride.ca
Small Scale Meat Producers Association,https://www.smallscalemeat.ca/,,info@smallscalemeat.ca
Snap Fitness Vernon,https://www.snapfitness.com/us/contact-us,778-475-5668,inquiries@snapfitness.com
Snowcap Interior Food Services,https://snowcap.com/,250 546 8781,inquiries@snowcapinterior.com
Societe De Developement Economique De La Colombie-Britannique,https://www.sdecb.com/,(604) 732-3534,info@sdecb.com
Solar Roofing,https://www.solarroofingbc.com/,250-558-9366,info@solarroofingbc.com
Solutions Pest Control,https://pestsolutions.ca/,(250) 945-9877,office@pestsolutions.ca
Southward Medical Supplies,https://www.southwardmedicalsupplies.ca/,(250) 542-3334,info@southwardmedicalsupplies.ca
Sovereign Lake Nordic Club,https://sovereignlake.com/contact-us/,(250) 558-3036,admin@sovereignlake.com
Sparks on 6,https://sparkson6.ca/,1-250-547-6122,sparksonsix@gmail.com
Spartan Drycleaning / ATAR Services Inc,https://atarservices.com/contact,250-766-2374,info@atarservices.com
Sperlich Log Construction Inc,,(250) 838-7455,canadianpridelt@gmail.com
Spidex All Terrain Excavating,https://spidex.ca/,250-862-1651,contact@spidex.ca
Spirit Lodge at Silver Star,https://spiritlodgesilverstar.com/,250-545-1717,admin@spiritlodgesilverstar.com
Splash N Dash Car Wash,https://splashndasharmstrong.com/,250 938 1378,info@splashndasharmstrong.com
Splashdown Vernon,https://splashdown.ca/contact/,250-549-4121,info@splashdown.ca
Splatsin Development Corp/Quilakwa Investments Ltd,,,grahame.go@splatsindc.com
Splatsin Development Corporation,https://www.splatsindc.com/contact,(250) 838-0775,info@splatsindc.com
Splatsin Teaching Center,https://www.splatsin.org/contact,,tsm7aksaltnsociety@gmail.com
Sproing Solutions,https://sproing.ca,,hello@sproing.ca
SS Automotive Refinishing,https://binks.com/automotive-refinishing-equipment/,778-475-6167,sales@binks.com
St. Josephs Catholic Church,https://www.rcdk.org/,250 546 8215,info@rcdk.org
Stag's Head Liquor Store,https://www.giantsheadbrewing.ca/,778 442 4564,giantsheadbrewing.sales@gmail.com
Standeven Logistics,https://www.standevenlogistics.com/,250 307 2188,info@standevenlogistics.com
Steelback Trailers Mfg Ltd,,(250) 826-1488,steelbacktrailers@gmail.com
Sterling Appraisals,https://sterlingappraisals.ca/,(250) 309-8111,info@sterlingappraisals.ca
Stone Waters Travel,https://stonewaterstravel.com/,236-970-5668,info@stonewaterstravel.com
Stonehaus Realty,https://stonehausrealty.ca/,(250) 938-0132,reception@stonehausrealty.ca
Studio 309,https://www.studiothreezeronine.com/,250 938 5063,info@studiothreezeronine.com
Sun City Physiotherapy,https://suncityphysiotherapy.com/,250-766-2544,reception_gm@suncityphysiotherapy.com
Sundance Martial Arts Ltd,https://sundancemartialarts.com/,(250) 306-2285,info@sundancemartialarts.com
Sunfire Systems,https://sunfiresystems.ca/,1-250-550-0133,info@sunfiresystems.ca
Sunridge Veterinary Clinic,https://www.sunridgevet.ca/,(250) 545-8011,info@sunridgevet.ca
Sunshine Autographics & Signs Inc,https://sunshinegraphics.ca/contact-us/,250-549-3200,info@sunshinegraphics.ca
Sunward Solar,https://www.sunwardsolar.ca/,(604) 614-7130,info@sunwardsolar.ca
Super Save,https://supersave.ca/,+1-250-545-4505,sales@supersave.ca
Sutherland's,,(250) 838-7234,gregmccune@telus.net
Svice Online Marketing,https://www.svice.ca/,(250) 896-2092,info@svice.ca
Swanson Mountain Fitness,https://swanmountfit.com/,250 306 6568,swansonmountainfitness@gmail.com
Sweet Iron Café Ltd,https://foodeist.com/,,contact@foodeist.com
Sweets Bridge Farm,https://www.sweetsbridgefarm.com/,(250) 379-2450,sweetsbridgefarm@gmail.com
Synergist Media,https://www.synergistmedia.com/,778 475 6000,sales@synergistmedia.com
SysGen Solutions Group,https://sysgen.ca/contact/,(403) 608-6250,info@sysgen.ca
T-Bones Fresh Meal Market,https://mytbones.com/,250.763.5966,tbones3kelly@gmail.com
"Taves, Dr. Ken  Inc",https://tavesdentalvernon.com/,(250) 550-1120,reception@tavesdental.ca
TBC (Turtle Bay Crossing) Liquour Merchants,https://tbcliquor.com/,+1-778-480-6646,tbc@liquormerchantsgroup.com
Telus Custom Security Systems,https://www.alarm.com/contact,250 545 4100,info@alarm.com
TGC Consulting Ltd,https://tgcconsulting.com/contact-us/,(250) 766-4110,admin@tgcconsulting.com
The Boarding House Café,https://boardinghousecafe.ca/,250-545-0117,theboardinghousecafe@gmail.com
The Boutique,https://polishedmercantile.com/,2505402649,nfo@polishedmercantile.com
The Bridge Educational Society,https://bridgeeducational.org/contact-us/,(250) 547-9212,info@bridgeeducational.org
The Clove,https://theclovearmstrong.ca/,,theclovearmstrong@gmail.com
The Collar Club Pet Daycare,https://collarclubvernon.ca/,250-241-5833,collarclubvernon@gmail.com
The Fancy Induced Burger & The Go Grill,https://www.tfib.ca/,(877) 596-0804,info@tfib.ca
The Frayed Page,https://www.thefrayedpage.ca/,(250) 540-5073,info@thefrayedpage.ca
The Good Food Box Society of the North Okanagan,https://goodfoodbox.ca/,,orders@goodfoodbox.ca
The Greenway Roofing Company,https://www.mooreroofing.ca/,250-309-0874,mooreroofingwithsteve@gmail.com
The Interface Financial Group,https://www.interfacefinancial.com/,250-550-3964,info@interfacefinancial.com
The Landing At Wood Lake,https://www.rightsizingmedia.com/contact/,250-826-3623,info@rightsizingmedia.com
The Lighthouse Medical Clinic,https://thelighthousemedicalclinic.com/contact/,(250) 545-2552,contact@example.com
The Med Restaurant,https://www.themedvernon.com/,(250) 558-4646,info@themedvernon.com
The Nest,https://thehealthnest.ca/,604-250-8541,info@thehealthnest.ca
The Phoenix Steakhouse,https://phoenixsteakhouseandbar.com/,(250) 260-1189,thephoenixsteakhouse@gmail.com
The Roster Sports Club Bar & Grill,https://www.rostersvernon.com/,(250) 549-0444,info@rostersvernon.com
The Royal Canadian Legion Branch 25,https://vernonlegion.com/,(250) 558-8318,contact@vernonlegion.com
"The Rusty Spur Farm, Feed & Pet",https://rustyspur.ca/,(250) 547-9506,sales@rustyspur.ca
The Salty Caramel Kitchen,https://www.saltycaramelkitchen.com/,+1-250-766-2712,saltycaramelkitchen@gmail.com
The Sign Post Guy,https://www.thesignpostguy.com/,250-808-0730,signpostguy@gmail.com
The Small Axe,,(778) 443-2010,smallaxeroadhouse@gmail.com
The Starting Block,https://startingblock.ca/,(250) 541-9232,info@startingblock.ca
The Village of Lumby,https://lumby.ca/contact-mayor-council/,1-250-547-2171,info@lumby.ca
Three Lakes Medical Clinic,https://www.threelakesmedicalclinic.com/,(250) 542-1353,admin@threelakesmedical.com
Tidal Elements Healing Arts Studio,https://tidalelements.ca/contact/,(250) 306-9283,reception.tidalelements@gmail.com
Tiki Village Inn,https://www.tikivillagevernon.com/,(250) 503-5566,info@tikivillagevernon.com
Tirecraft Armstrong,https://tirecraft.com/contact/,250 546 9491,djohnson@grtouchette.com
To The Hedge Landscape Services,https://tothehedge.ca/,778-835-8929,info@tothehedge.ca
Tom Harris Cellular Ltd,https://www.shopping-canada.com/contact,(250) 545-8848,contact@shopping-canada.com
Tommy's Windows & Doors,https://newtownwindows.ca/,778-475-3772,sales@newtownwindows.ca
Tony's Craft Cider Company,https://www.tonyscraftcidery.com/,778-790-0833,tonyscraftcidery@gmail.com
Tony's Tire Service (Kal Tire),https://www.kaltire.com/en/contact-us.html,(250) 838-7226,taiya_smith@kaltire.com
Torchcraft Roofing,https://torchcraftroofing.ca/,778-475-5606,torchcraftroofing@gmail.com
Trinity Valley Long Range,https://www.trinitylongrange.com/contact/,(250) 547 9402,trinitylongrange@gmail.com
True Fit Welding & Fabricating,https://www.royalwelding.com/,250 546 3159,info@royalwelding.com
TruFinity Plumbing Heating & Cooling,https://www.trufinity.ca/contact,(778) 721-8375,service@trufinity.ca
Turner Exteriors,https://www.streamlineexteriors.ca/,250-309-7632,sales@streamlineexteriors.ca
Turtle Bay Marina Boat Rentals,https://turtlebaymarina.com/,250-766-3120,reservations@turtlebaymarina.com
Turtle Bay Physiotherapy Inc,https://turtlebayphysio.ca/,250-766-0360,info@turtlebayphysio.ca
Turtle Bay Pub,https://turtlebaypub.com/,2507664534,info@turtlebaypub.com
Tutor Tech Computers,https://tutortech.ca/,1-250-547-0042,info@tutortech.ca
Twin Creeks Motel,https://www.twincreeks-motel.com/,1-250-547-9221,twincreeks.reservations@gmail.com
Two Donkeys Bakery,https://www.twodonkeysbakery.ca/,236-509-7025,info@twodonkeysbakery.ca
UBC Okanagan,https://okanagan.housing.ubc.ca/contact-us/,(250) 545-3390,derek.gratz@ubc.ca
UBR Services Printing & Copies,https://www.ubrservices.ca/,250-766-1098,info@ubrservices.ca
Uprooted Kitchen & Catering Co,https://uprootedkitchen.ca/,(778) 214-3289,info@uprootedkitchen.ca
Ursus Heritage Consulting Ltd,https://www.ursus-heritage.ca/contact-us,(250) 938-4662,fraser@ursus-heritage.ca
Valley Canine,https://www.valleycanine.net/contact-valley-canine-training/,1-250-540-0094,valleycanine@hotmail.com
Valley First,https://www.kelownahomes.ca/contact,2505415601,info@kelownahomes.ca
Vance Creek Hotel & Conference Centre,https://www.vancecreekhotel.com/contact,250-549-5191,info@skisilverstar.com
Vanna King - Sunlite Mortgage,,(250) 574-9969,vanna.king@sunlitemortgage.ca
VantageOne Credit Union Commercial Centre,https://www.vantageone.net/about/contact-us/,(250) 545-9251,info@vantageone.net
"Vernon Air Conditioning, Plumbing & Electrical Services",https://vernonairconditioning.com/about-us/,(778) 403-7886,info@vernonairconditioning.com
Vernon Beauty Bar Ltd,https://thebeautybarvernon.com/,236-426-3666,thebeautybarvernon@gmail.com
Vernon Catering and Hospitality,https://vernoncatering.ca/menus/,(250) 306-2181,info@vernoncatering.ca
Vernon Christian School,https://www.vcs.ca/contact-vcs/,(250) 545-7375,info@vcs.ca
Vernon Dental Centre,https://www.vernondentalcentre.com/,(250) 542-1179,reception@vernondentalcentre.com
Vernon Dental Excellence,https://vernondentalexcellence.ca/,,vernondentalexcellence@gmail.com
Vernon Denture Clinic,https://vernondentureclinic.com/,(250) 542-9117,admin@vernondentureclinic.com
Vernon Family Dental,https://www.vernonfamilydental.ca/,2505423023,info@vernonfamilydental.ca
Vernon Farmers' Market,https://vernonfarmersmarket.ca/,(250) 351-5188,vfm.vernonfarmersmarket@gmail.com
Vernon Flower Shop,https://www.vernonflowershop.net/,(250) 545-2181,vernonflowers.bc@gmail.com
Vernon Hyundai,https://www.vernonhyundai.com/contact/,1 (855) 887-6873,reception@vernonhyundai.com
Vernon Jubilee Hospital Foundation,https://www.vjhfoundation.org/,(250) 558-1362,info@vjhfoundation.org
Vernon Neighbourhood Welcome,https://neighbourhoodwelcome.org/contact-us,(250) 309-4487,accounting@neighbourhoodwelcome.org
Vernon Optometry,https://vernonoptometry.ca/,(250) 542-4217,reception@vernonoptometry.ca
Vernon Pickleball Association,https://www.vernonpickleball.ca/,(250) 549-0378,vernonpickleball@gmail.com
Vernon Spider Control,https://vernonspidercontrol.ca/,250.938.2991,vernonspidercontrol@gmail.com
Vernon Towing,https://vernontowing.ca/contact/,250-545-2311,admin@vernontowing.ca
Vernon Voltage and Gas Fitting Ltd,https://vernonvoltage.ca/,(250) 351-9879,info@vernonvoltage.ca
Vernon Websites,https://vernonwebsites.com/contact-us/,(250) 308-7545,mike@vernonwebsites.com
Vike Bikes,https://www.vikebikes.com/,(778) 392-5655,kylanvike@gmail.com
Village Green Shopping Centre,https://villagegreencentre.com/,(250) 545-3204,vgmmarketing@bgo.com
Vintage Chic Weddings & Events,https://www.vintagechicweddings.ca/,250 503 8539,vintagechicweddings.events@gmail.com
Vinterra Wellness,https://www.vinterrawellness.ca/,(587) 742-8627,info@vinterrawellness.ca
Vision Garage Doors,https://visiondoors.ca/contact/,250-309-7133,info@visiondoors.ca
Voyager RV Centre Ltd,https://www.voyagerrv.ca/,1-800-668-1447,sales@voyagerrv.ca
Vuuren Construction LTD,,1-250-306-1185,amos@73logistics.com
Wales Equine Veterinary Services Ltd,https://www.walesequine.com/contact,250-258-2299,office@walesequine.com
Wangler Mobile Mechanic Services Ltd.,https://www.clickmechanic.com/,250-503-8090,support@clickmechanic.com
Wayside Press Ltd,https://www.waysideco.ca/contact/,(250) 545-2341,sales@waysideco.ca
Wells Gray Tours Ltd,https://www.wellsgraytours.com/contact-us/,(250) 545-9197,info@wellsgraytours.com
Westridge Quarries Ltd,https://westridgerock.com/,250 546 8800,info@westridgerock.com
Westwood Cabinetry,https://westwoodcabinetry.com/,(250) 212-1181,info@westwoodcabinetry.com
Whib's Gym Inc,https://www.whibsgym.com/,250-838-6555,info@whibsgym.com
White House Mortgages - Deb White,https://debwhite.ca/,(250) 545-2202,deb@debwhite.ca
White Line Professional Driving School Inc,https://okdriving.ca/,250-351-9300,info@okdriving.ca
White Valley Veterinary Services,https://www.whitevalleyvet.ca/,1-250-547-9700,info@whitevalleyvet.ca
Whitevalley Community Resource Centre,https://www.whitevalley.ca/contact-us,1-250-547-8866,info@whitevalley.ca
Wholesale Grafix Distribution & Signage Ltd,https://www.wholesalegrafix.com/,(250) 260-3100,info@wholesalegrafix.com
Wild Antho,https://www.wildantho.com/contact,250 309 5408,hello@wildantho.com
Wild Dahlia Salon,https://www.wilddahliasalon.com/,778-475-9279,wilddahliasalon@gmail.com
Wild Goose Technologies Ltd,,,kgoose789@gmail.com
Wild Realty,https://timjones.agent.cbignite.ca/,(250) 307-8455,ace@wildrealty.ca
Willow Clinic,https://willowclinic.ca/contact/,,contact@willowclinic.ca
Wood Lake RV Park and Marina,https://woodlakerv.com/,250-766-1881,info@woodlakerv.com
Wood Mountain Naturals Pet Products,https://woodmountainnaturals.com/,7785947387,info@woodmountainnaturals.com
Woodstyle Homes Ltd,https://www.woodstyle.ca/,(250) 558-9765,woodstyle@telus.net
World Trade Centre Okanagan,https://www.wtcokanagan.com/,(778) 996-9228,info@wtcokanagan.com
Worx Services,https://worxservices.ca/,(604) 764-9548,info@worxservices.ca
Xced Plumbing Heating A/C,,236-599-5777,info@xcedplumbing.com
Xcel Advisory Group,https://bebee.com/au,250-869-2419,support@bebee.com
Yankee Flats Meats,https://yfmeats.ca/,(236) 873-6328,yfmeats@gmail.com
Yenin.art Studio,https://yenin.art/,(250) 241-8841,nick-manager@yenin.art
Zakreet Barbershop,https://www.fresha.com/help-center,250-463-3105,zakreet.barbershop@gmail.com
Zelaney Farms,https://www.zelaneyfarms.com/,(250) 549-2436,info@zelaneyfarms.ca
1&2 Electric,,1-250-545-3254,
104 Grey Clothing & Accessories,,778-475-5705,
1602 Custom Designs,https://www.1602customdesigns.com/,250 306 8727,
1609 Restaurant,,250-549-5100,
1St Armstrong Scouts,,250 546 9724,
21st Century Alignment,https://www.hrotoday.com/contact-us/,236-426-4008,
24/7 Plumbing & Heating,,250-542-0445,
27Supperclub Ltd,https://www.27supperclub.ca/contact,250 241 3736,
30 Minute Hit,https://www.30minutehit.com/,250-275-4808,
30th Avenue Pawn,https://vernon.canadianorglist.com/,(250) 545-7177,
4 Paws Market,https://www.4pawsmarket.ca/,778-480-2273,
6-4 Building Maintenance Ltd,,250-307-1145,
97.9 Valley FM,https://valleyfm.ca/,(250) 307-1505,
A & T Finishing Carpentry,,250-306-4881,
A & W,,250-275-6706,
A Better U Massage Therapy,http://abetterumassage.ca/,250-540-1545,
A Legacy Of Designs Ltd,https://www.legacyofdesigns.com/contact,250-558-8889,
A Perfect Ten Hair & Nail Salon,,250-542-5266,
A+ Gutter & Window Cleaning,https://windowcleanervernon.ca/,250-550-6978,
A-MJ Heat and Cool Ltd,,778-870-7766,
A. Willock Information Systems,,(250) 503-1540,
A24 Fitness,https://www.a24fitness.com/contact,778 442 2688,
AA Drum School,,(250) 308-7999,
Aa1 Classic Mini Storage,https://armstrong.canadacompanies.net/,250 546 6060,
AAA Brian's Towing Ltd.,https://www.brianstowingltd.com/,778-475-8962,
Aaron Parker,https://aaronparker.ca/,2363333751,
Abbeyfield House Of Armstrong Spallumcheen Society,https://abbeyfield.ca/contact/,250 546 0223,
Abbott Claire C,https://ancestors.familysearch.org/en/contact,250-308-2458,
Abby Dental Care,https://abbydental.ca/contact/,(250) 542-1404,
Aberdeen Plumbing & Heating,https://websites.ca/contact-us/,(250) 260-1030,
Above & Beyond Painting & Repairs,,250-938-1244,
Above and Beyond Commercial Cleaning Services,https://aboveandbeyondcleaning.ca/,250-307-7985,
Abstract Painting,,250-801-5097,
Accent Countertops,https://www.accentcountertops.ca/contact-us/,(250) 542-4845,
Accent Property Management,https://www.bcfsa.ca/,(250) 542-1533,
Accentz Dance Studio,https://accentz.ca/contact,(250) 542-4324,
Accurate Concrete Ltd,https://www.accurateconcrete.ca/contact/,250 503 7926,
Accutech - Your RV Doctor,https://yourrvdoctor.com/contact-us/,1-250-540-7837,
Ace Building Centre,,1-250-547-2121,
Ace Hardware,https://www.acehardware.com/customer-service?page=contact-us,18888274223,
Ace Janitor Service Ltd,,250-545-0050,
Ace Mechanical,https://acemechanical.ca/contact.html,250-549-3849,
Ace Of Maids Cleaning,,250-303-1636,
Ace Roofing,,250-558-7223,
Acera Insurance,https://acera.ca/contact/,18006701877,
Aclear Appraisal Ltd.,,(778) 760-3360,
Active Beginnings Childcare,,250-306-3958,
Active Vernon Massage,,778-932-2090,
Acton Bespoke Counselling,https://actonbespokecounselling.ca/contact,(250) 550-1847,
AcuTruss Industries Ltd.,https://www.acutruss.com/contact,(250) 545-3215,
Adamson Chiropactic and Naturopathic Clinic,,250-938-1040,
ADC Developments INC,https://www.adcdevelopments.com/contact,250-260-8003,
Added Touch Photography,,250-309-0966,
Advanced Blind Cleaning & Sales,,250 540 2401,
Adventures Academy Child Care Centre,,250-558-7737,
Aesthetic Dental,,(250) 558-9889,
Aesthetics By Jessica Shikara,https://m.vk.com/contact,306 375 7013,
Affordable Auto,,(250) 542-1989,
Affordable Auto Repairs,,250-542-4061,
AFJ Construction Company,,250-470-9998,
Ag Consulting,,250 546 2712,
Agile BK,https://agilebk.com/,(778) 262-2542,
Agri-Trans Services,https://agri-trans.ca/contact/,250 546 8898,
Agrigem Equipment Sales,,250 938 0076,
Aim Road Maintenance,https://aim-roads.ca/contact-previous/,1 866 222 4204,
Air Tech Heating & S/M,,250-542-7255,
Aj Eathorne - Coldwell Banker Four Seasons Real Estate,,250-306-9702,
AJ Professional Cleaning Service,,250-308-8869,
AJ's Pets and Things,https://www.ajspets.com/contact,(250) 549-3222,
Alexander's Beach Pub,,250-545-3131,
Alexis Danielsen Graphic Design,https://www.alexisdanielsen.com/,250 351 7363,
Align Jewellery,https://www.alignjewellery.com/,780-914-6682,
"Alison Coolican BSc, RMT",https://alisoncoolican.com/contact/,(604) 520-3660,
Alix Kathy Royal LePage,https://www.royallepage.ca/en/contact-us,250-852-1735,
All Spark Electrical Inc,https://allsparkelectricinc.com/contact-us/,+1720-839-5318,
Allcare Chiropractic and Laser,https://www.allcarechirolaser.com/contact-us/,(250) 542-2386,
Allen's Antiques,,250 558 7614,
Alley Auto Works,,250-545-4144,
Alliance Realty,https://www.northokanaganhomesearcher.com/,250-542-7929,
Allura Photography,,250-546-2812,
Allure Lash Boutique,https://www.chiclashboutique.com/contact/,250-808-7886,
Aloha Coin Wash and Dry Cleaning,,(250) 545-8022,
Alpine Civil Engineering Consultants,,(250) 980-3728,
Alpine Holistic Health Clinic,https://medimap.ca/contact-us,7789923555,
Altech Auto (Vernon) Inc,https://www.altechauto.net/contact-us,250-558-5858,
Altitude Carpentry,https://www.altitudecarpentry.ca/,250-351-5932,
Alys Bookkeeping,https://www.aschamber.com/contact-us.html,778 363 4018,
Amanda Skeen Chiropractor,https://www.drskeenchiro.com/contact-us,250-241-7141,
Amani Travel Health Clinic,https://amanitravelclinic.ca/,(778) 692-1993,
Amarin Thai Restaurant,https://amarinthairestaurant.com/contact/,(250) 542-9300,
Amazing Massage Spa,https://amazingmassagespa.doersmarketing.com/,236-514-3966,
Amber Lee Real Estate Services,https://amber-lee.ca/contact,250-306-2706,
Amigo Chicken & Mexican Restaurant,,(236) 426-2020,
Amrize Canada Inc.,https://mineconnect.com/contact/,(250) 545-7238,
Anderson Bobbie Lla,https://www.eliteprospects.com/contact-us,250-547-9897,
Andre's Electronic Experts,,(250) 542-3000,
Andrea Marie Esthetics,https://andreamarieesthetics.com/contact,250-826-2903,
Andrew Koppejan,,7785062277,
Andrew Koppejan Physiotherapy (Vernon),https://bodysolvephysio.com/contact/,778-699-2391,
Andy's Sheet Metal,https://airtechmechanical.ca/contact-us/,250 540 7465,
"Angela Caruth, Rmt",,604-220-0339,
Angie's His & Hers Salon (former business),https://www.businessinsider.com/contact,2505421359,
Angry Otter Liquor @ Monashees,https://www.angryotterliquor.crs/rw/!ut/p/z0/04_Sj9CPykssy0xPLMnMz0vMAfIjo8zijTxcTAwNLYx8DIx9jQ0CnY1DzEL9HcMMncz0vfSjgAoMcABHA5AJRkW-zr7p-lEFiSUZupl5afn6Ecn5eSWJySX6BdlRkQC836Tv/,(250) 545-5800,
"Anita Markson, Rmt",,250-308-0815,
Annata Earth,https://www.ticketmaster.com.mx/,250-300-8356,
Anne C Casey Professional Services Inc,,250 838 0013,
Anne Murphy Royal LePage,https://www.royallepage.ca/en/contact-us,250-542-4443,
Another Level Automotive & Off Road Ltd,,778-475-5828,
Another World VR,https://vernon.another-world.com/contact,(236) 822-0540,
Antlers Cold Beer & Wine Store,https://lumby-bc.findstorenearme.ca/,1-250-547-2220,
Antojitos Guadalajara,https://antojitosguadalajara.ca/,(236) 873-2933,
Apex Window Cleaning & Gutter Cleaning,,250-808-1157,
Appel A G Enterprises Ltd,,250-766-3664,
Apple Auto Glass,https://www.appleautoglass.com/not-found,(250) 542-8239,
Apple Creek Family Dental,https://armstrong-bc.agencycanada.com/,250 546 9466,
Applegate Automotive,https://www.okanagan-local.ca/contact,7785814359,
Applewood Heating & Air Conditioning Ltd,,250-558-6241,
Apéro,https://aperotogo.my.canva.site/,250-241-4311,
Aqua Source Drilling Ltd.,,(250) 275-0920,
Aquatek Spa & Pool Service,,250-540-1434,
Aquavision Services Ltd,https://www.aquavisionservices.ca/contact,250-938-7050,
Arbonne Independent Consultant - Angela Adams,https://www.health.ny.gov/contact/,250-306-7317,
Arc City Fabrication Inc.,https://metaforge.app/,604-790-5313,
Archistruct Glass Ltd,https://archistructglass.com/contact/,(604) 721-0570,
Archway Society for Domestic Peace,,(250) 558-3850,
Arden Tile,https://www.ardentile.com/contact-us/,250-545-2272,
Argos Home Inspection,,(250) 938-7754,
Arjun Esso,,250 546 3772,
Armstrong & District Curling Club,https://armstrongcurlingclub.ca,250 306 8556,
Armstrong & District Fish & Game Association,https://www.adfga.ca/contact,250 546 9025,
Armstrong & Enderby Massage Clinic,https://kentclarkrmt.janeapp.com/,(250) 838-7050,
Armstrong & Enderby Massage Therapy,https://kentclarkrmt.janeapp.com/,250-546-1927,
Armstrong Antiques,,250 938 1962,
Armstrong Auto Recycling,https://www.armstrongautorecycling.ca/,250 546 3806,
Armstrong Bakery,,250 546 8283,
Armstrong Bible Chapel,https://armstrongbiblechapel.ca/,250 546 9696,
Armstrong Business Centre,,250-546-8910,
Armstrong Carpet Care,,250 550 3976,
Armstrong Chiropractic,https://www.armstrong-chiropractic.ca/,250 546 9325,
Armstrong Collision,https://qacollision.ca/contact/,250 546 3300,
Armstrong Enderby Parish,,250 546 9366,
Armstrong Enderby Riding Club,https://armstrongenderbyridingclub.ca/,778 212 5545,
Armstrong Flower & Gift Shop,https://www.armstrongflowershop.com/,250 546 8771,
Armstrong General Store,https://www.thebeerstore.ca/contact,250 546 3955,
Armstrong Inn,https://armstronginn.ca/contact-us/,250 546 3056,
Armstrong Kin Club,https://kincanada.ca/EN/Web/AboutUs/Contact-Us.aspx,250 546 6555,
Armstrong Kin Rv Park,https://www.armstrongkinrv.ca/,250 546 4041,
Armstrong Mini Storage,https://www.armstrongministorage.ca/contact-us.html,250 546 6942,
Armstrong Montessori Academy,https://armstrongpreschool.ca/contact/,250 309 2705,
Armstrong Painting & Decorating,https://armstrongdecor.com/contact-us/,250 546 8241,
Armstrong Pharmacy & Wellness Company,https://www.guardian-ida-remedysrx.ca/en/british-columbia/armstrong-station/armstrong-pharmacy-a-wellness-centre-7015036?utm_source=google&utm_medium=maps&utm_campaign=local_presence,250 546 3169,
Armstrong Physiotherapy Clinic,,250 546 2468,
Armstrong Pro I.T,https://tocg.ca/,250 517 9722,
Armstrong Regional Co-Op,https://armstrong.coop/,250 546 9486,
Armstrong Regional Cooperative,,(250) 546-9438,
Armstrong Seniors Activity Centre,,250 503 7299,
Armstrong Seventh-Day Adventist Church,https://armstrongadventist.ca/contact/,250 546 8555,
Armstrong Spallumcheen Medical Equipment Loan Cupboard,https://www.armstrongloancupboard.com/contact,778 442 5255,
Armstrong Spallumcheen Museum & Archives Society,https://armstrongspallmuseumart.com/,250 546 8318,
Armstrong Spallumcheen Parks And Recreation Commission,,250 546 9456,
Armstrong Toastmasters 2645,https://www.toastmastersclubs.org/welcome/?Aql8,250 938 9551,
"Army, Navy, & Air Force Veterans Unit #5",https://anafvetsunit5.ca/,(250) 542-3277,
Arrowhead Electric Ltd,https://arrowheadcoop.com/,250-542-5015,
Art Schmidt Optical,https://artschmidtoptical.com/contact-lenses/,(250) 545-4481,
Artisan Aura,https://www.artisan-aura.store/contact,+1 2503065289,
Artistic Hair Design,https://artisticdesignhair.com/,(250) 545-1745,
Arts Council of the North Okanagan,https://acno.ca/contact,(250) 542-6243,
Ascent Employment Law,,(236) 471-7550,
Asenna Boutique Florals,,778-581-5205,
Ashley Home Store,https://stores.ashleyhomestore.ca/,(250) 545-0535,
Asian Avenue,https://www.asianavenue.ca/contact-us,250-549-4858,
Askew's Armstrong Bakeshop,https://armstronglocal.ca/,250 546 8557,
Aslan Electrical Plumbing,http://www.aslanservicesltd.ca/,250-549-4444,
Asparagus Community Theatre,https://www.asparagus-community-theatre.com/,250 546 9601,
Associated Environmental Consultants Inc.,https://contracts.opennwt.ca/,(250) 545-3672,
Associated Ready Mix,https://armconcrete.ca/contact/,250 546 3873,
Astra Electric,https://whitepagescanada.ca/contact/,250-938-2164,
At Ease Property Inspections,https://ateaseinspections.ca/contact,(250) 258-6186,
Atlantic Industries,https://www.ail.ca/contact/,250 546 9479,
Atlas Electrical Solutions,,250-308-8452,
Attridge Ski & Board,https://www.attridge.ca/,250-542-1515,
Aubin & Associates Notaries Public,https://aubinandassociates.com/contact/,2507655133,
Auger Plumbing and Heating,https://augerplumbingandheating.ca/contact,778-506-2793,
Aurora Aviation Group of Companies,https://aurora-aviation.aero/en/contact/,(236) 600-9500,
Aurora Massage Therapy,https://www.auroramassagetherapy.ca/,250-540-0733,
Auto Lake Country,,250-766-4200,
Autowear Accessories,,250 838 9400,
Avalon Event Rentals,https://www.eventective.com/,(250) 541-0945,
Avenue Pizza,,1-250-547-2007,
B E Gregersen Electrical Services,,250-503-7467,
B Y The Numbers Bookkeeping,http://www.btn2010.com/,250 546 8960,
B&C Barker Wealth Group,https://barkerwealth.ca/contact,(250) 545-5258,
B&D Gussman Contracting Ltd,https://staticwebfiles.milwaukee.gov/,250-558-3835,
Backus Services Ltd,https://backus.ca/contact/,250 309 0033,
Backyard Pleasures,,250-545-1836,
BADA Quality Bathroom Renovations Inc,https://www.badaqualityrenovations.com/,250-308-6230,
Baker Signs Ltd,,250-545-7204,
Baker's Complete Auto Repair,https://vernon-wi.ftsmithtowing.com/,250-503-1124,
Baking Time,,778 932 0303,
Balance Natural Health Clinic,https://balancenaturalhealthclinic.ca/contact,250-545-0103,
Balancing Act Bookeeping,,2505450750,
Bamboo Beach Fusion Grill,https://restaurantguru.com/contactus,(250) 542-7701,
Bamko,https://bamko.net/,(250) 558-1434,
Bank of Montreal BMO,,(250) 549-4000,
Bank of Nova Scotia,https://www.scotiabank.com/contactus,(250) 260-5500,
Banner Recreation & Marine,,(250) 542-0418,
Bannister GM - Vernon,https://www.bannistergmvernon.com/contact/,(250) 545-0606,
Bannister Honda,https://www.bannisterhonda.com/contact/,(250) 545-0531,
Barapp Law Firm BC,,236-600-2353,
Bargain Bin,,250 546 8813,
Barkley Boarding Kennels,,250-766-1226,
Barkman Dental Studio,,250-558-5005,
Barnes Nissan,https://www.vernonnissan.com/contact/,250-542-0371,
Basc Equine Training,,778-214-6879,
Base Camp Chiropractic and Sports Rehab,https://www.basecampclinic.com/contact,(250) 307-7819,
Bassani Tech,https://www.bassanitech.com/contact/,(204) 748-8857,
Battmasters,https://www.battmasters.ca/,(604) 996 2934,
Baughen Gordon,,250-766-2929,
BBDB's Becky's Backdoor Beans,https://www.avito.ru/,7788403478,
Bc Cargo Trailers,https://www.bccargotrailers.com/contact/,250 546 6999,
Bc Dairy Association,https://bcdairy.ca/contact/,1 800 242 6455,
Bc Fitness Repairs,,250-859-6829,
BC Hydro,https://www.bchydro.com/contact.html,(250) 549-8531,
Bc Liquor Store,https://www.bcliquorstores.com/contact,250 546 9476,
BC Prosthetics and Orthotics,https://www.bcpo.ca/contact-us,2508683394,
Bc Small Wetlands Association,,250 546 5021,
BCAA,https://www.bcaa.com/contact-us,+1-250-550-2400,
BD Janitorial Ltd.,,(250) 351-0760,
BDM Motorsports,https://www.vernonpolaris.com/en/,(250) 549-3730,
Bdo Canada Llp,https://www.bdo.ca/contact,250 545 2136,
Beach Life Boards,,778-806-9480,
Beacon Electric,,778 212 8223,
Bean Scene Coffee House,https://beanvernon.ca/home,(250) 558-1817,
Beat Patisserie,https://www.beatpatisserie.ca/,778-480-2944,
Beauty Addiction,https://www.theravive.com/contact,250-681-0206,
Beauty Ethics Laser & Esthetics,,778-480-0123,
Beavertails Kelowna,,250-801-2540,
Bee Healthy Eat Your Honey,,250-766-1335,
Bemer,https://liz-nenasheff.bemergroup.com/en_ca/human-line/home/,250 938 5085,
Ben Leboe Office,,250-766-3507,
Ben Moss Jewellers,https://www.benmoss.com/,778-475-0180,
Ben's little Farm,https://donorayfarmadventure.com/contact,(778) 214-8282,
Benefitwest Consulting Group,https://benefitwest.ca/contact/,(250) 558-5450,
Berkshire Insurance Services,,250-549-3022,
Bertranm Steve Valu Plus 3 Percent Real Estate Inc,,250-306-7575,
Best in Show on the Go Dog Grooming,https://www.bestinshowonthego.ca/,(250) 718-5137,
Best Western Pacific Inn and Suites,https://ca.trip.com/?locale=en-ca,(250) 558-1800,
Best Western Premier Vernon,,(250) 558-5000,
Better Than Ever,,250-549-4556,
Bevs Hair Salon,https://ohairasthesalon.com/contact-us,250-317-5014,
Beyond Beauty Medi Spa,https://beyondbeautymed.com/contact/,(250) 260-1500,
Beyond Belief Escape Rooms,https://beyondbelief.ca/contact-us/,(888) 944-9565,
Beyond Walls Painting,http://beyondwallspainting.ca/,778-363-2007,
BGCO,https://www.bgco.ca/contact-us/,(250) 542-3121,
Bhandal Jitender Dr,,250-766-6699,
Big Country Ironworks,,250-469-2823,
Big O Tires and Services Centres,,250-549-5058,
Big Sun Beachwear,https://bigsun.ca/,250-545-9313,
Bigfoot Industries,https://bigfootrv.com/contact,250 546 2155,
BigSteelBox,,(250) 260-6505,
Bilco Construction Ltd,https://www.construction.ca,250-549-7590,
Bill Hubbard - Commercial Real Estate Specialist,https://bhcrelaw.com/contact/,250-550-4221,
BioHarmony Inc.,https://www.bioharmony.ca/contact,(250) 558-7973,
Birch Hill Studio,https://birchhillstudio.com/,250-541-7557,
Bishop's Renovations & New Construction,,778-242-0941,
Black Cat Crossing Farm,https://www.blackcatcrossing.ca/contact-us,250 878 3936,
Black Press Vernon Division,https://blackpressmedia.com/contact/,250-542-3558,
Blackbird Electric,,250-938-4147,
Blacktop Maintenance Ltd.,https://www.blacktopmaintenance.ca/contact-us/,(778) 823-3259,
Blaine Rhymer,https://www.lakecountrychamber.com/contact,+672-969-5670,
Blakely & Co,,1-888-838-9982,
Blanca's Hairstyling,,(250) 308-1037,
Blast from the Past Antiques,https://www.blastfromthepastantiques.ca/,(250) 549-2929,
Blenz Coffee,,(250) 545-9599,
Bliss Pilates,,250-306-7474,
Bloom Flower Festivals,,604 217 5726,
Blossom Progressive Montessori Preschool And Chi ldcare,https://childcarecenter.us/contact,250-808-4769,
Blue House Creations & Events,https://www.eventbrite.com/organizer/contact-sales/,(250) 542-5983,
Blue Moon Enterprises,,250-547-8768,
Blue Mountain Nursery,,250 546 8181,
Blue Ox Pub,https://www.go2hr.ca/wp-content/uploads/2023/12/contact.svg,604-633-9787,
Blue Valley Aquatic Landscapes,https://bluevalley.ca/contact-us,250-545-6666,
Bluebird Sport and Spine,https://bluebirdsportandspine.ca/contact/,(250) 545-7545,
Bluenotes,https://blnts.com/pages/support,250-260-1143,
BMJ Holdings,,250-558-8789,
BMO Bank of Montreal,https://branches.bmo.com,250-838-6421,
BMS Electric,,250-253-3664,
Bob the Painter,,250-306-5101,
Bobbi-Jo Gordon,,(250) 540-5586,
Bobbipinz Hair Studio,https://www.bobbiepinz.com/,778-220-7997,
Bobcat of Vernon,,(778) 475-5551,
Body Vital Massage Therapy,https://www.bodyvitalmassagetherapy.com/,250-558-6212,
Bombshells Tanning & Esthetics,,250-540-8555,
Bonita Beauty & Wellness,,6047205220,
Bonneau Construction,,250-540-8506,
Bonnie's Cleaning,,250-542-4320,
Booster Juice,,(236) 426-4459,
Bos Plumbing & Heating,https://shopvernon.com/contact/,250-558-0606,
Bosash Contracting,https://www.eriksrenos.ca/,1-250-938-3911,
Boston Pizza,https://bostonpizza.com/en/contact-us.html,(250) 558-0669,
Bot Construction Ltd,https://www.botconstruction.ca/contact/,250-859-2302,
Bounce Hair Lounge,,778-480-3551,
Bounce Hire Inflatables,https://www.just4funwk.ca/,2508637858,
Bourbon Street Bar and Grill,https://www.prestigehotelsandresorts.com/contact/,778-475-7224,
Bowden Mortgage Services,https://mortgagebrokersandagents.com/contact/,250-260-1136,
Brabyn Business Solutions,https://tsutsweye.ca/contact-us/,250 833 6008,
Bradley Jay Friesen Barristor & Solicitor,https://www.juliabradleylawyer.ca/contact,250-549-7067,
Branded Custom Woodworks Ltd,https://brandedcustomwoodworks.ca/,250 306 7704,
Brandi's Cleaning,https://www.localmaid.ca/,250-503-6452,
Brentwell Construction,https://brentwellconstruction.com/contact/,250-558-9690,
Bresciani Window Covering Ltd,https://winaero.com/,250-542-7896,
Brian Rogers Personal Real Estate Corporation -Realtor,,250-308-4255,
Bright Beginnings Daycare,https://ca.top10place.com/,250-550-6340,
Bringing Balance Massage,https://balancenaturalhealthclinic.janeapp.com/,250-309-7123,
Bronco Roofing,https://broncoroofing.ca/contact,250-540-8130,
Brown International Services,,250 546 6518,
Browns Socialhouse,https://www.brownssocialhouse.com/villagegreen,778-475-1968,
Browns Transport Inc,,(250) 542-4254,
Budget Blinds,,(250) 275-2735,
Budget Brake & Muffler Auto Centres,,250-549-1414,
Bullzeye Media Marketing Canada,https://bullzeyemediamarketing.com/contact-us/,(250) 549-1200,
Butcher Boys Grocery Store,http://www.butcherboys.ca/,250-542-2968,
Buy Now Research Later,https://saltfowler.com/contact.html,2505409284,
BX Electrical,,250-306-8000,
Bx Massage Therapy,https://bxmt.janeapp.com/,250-503-2215,
Bylaw Compliance,https://www.vernon.ca/government-services/contact-us,(250) 550-3505,
Byng's Plumbing Heating & Air Conditioning,,250-542-0873,
C G L Contracting Ltd,http://cglcontracting.com/,250-549-4826,
C&D International Furtraders,https://a1furtraders.com/contacts/,(250) 351-4626,
C-Lovers Fish & Chips,https://c-lovers.com/,604-532-9747,
Cachet Hair Studio,,250-766-2340,
Caetani Centre,https://www.caetani.org/contact-us,(250) 275-1525,
Calibre Roofing And Sheet Metal,,250 540 8623,
Callahan Property Group,https://callahanpg.ca/contact/,250.717.3000,
Cameron Building Maintenance Inc.,https://www.cameronbuildingmaintenance.ca/contact/,250-859-4933,
Cameron Janitorial,,250-766-1674,
CanaClean,https://www.canaclean.ca/contact,(250) 545-4848,
Canada Post Corp. - Armstrong,https://www.canadapost-postescanada.ca/cpc/en/support.page#panel2-1,250 546 8274,
Canada's Best Value Inn & Suites Vernon,https://www.sonesta.com/canadas-best-value-inn/bc/vernon/canadas-best-value-inn-suites-vernon,250-549-1241,
Canadian 2 For 1 Pizza,https://order.canadian2for1pizza.com/location/armstrong/,250 546 8889,
Canadian Action Party,https://canadianactionparty.ca/contact/,250-547-9428,
Canadian Imperial Bank of Commerce,https://cibc.banklocationmaps.com/,(250) 260-6307,
Canadian Imperial Bank of Commerce (27th Street Branch),https://www.cibc.com/en/contact-us.html,(250) 260-6300,
Canadian Mental Health Association,https://cmhavernon.ca/contact-cmha-vernon/,(250) 542-3114,
Canadian Red Cross,https://www.redcross.ca/about-us/contact-us,+1-250-545-3111,
Canadian Royal Antiques Post,,250 307 4908,
Canadian Tire,,+1-250-549-2131,
Cancade Injury Law,,250-558-9600,
Caravan Farm Theatre,https://caravanfarmtheatre.com/contact/,(866) 546-8533,
Carbol & Associates Trial Lawyers,http://www.bclawyer.ca/,604-669-5030,
Carla Lee Real Estate,https://www.remax.ca/,1-250-547-9266,
Carlisle's Smoke & Grill Cafe,https://www.cactusclubcafe.com/contact-us/,250-379-2677,
Carmel Of St. Joseph,https://www.carmelspall.org/contact-us/,250 546 8801,
Caroline Radics Financial Services,,250-558-2943,
"Caroline Radics, CLU, CHS",https://vernonchamberbc.chambermaster.com/contact,(250) 308-7253,
Carolyn Henstock - Invis,,250 260 0910,
Carrie'd Away Vacations,,250-541-4800,
Cash Money,https://www.moneygram.com/locations/us/en,2502758253,
Castle at Swan Lake,https://www.swanlakecastle.com/contact-and-reviews/,(778) 475-4232,
Catherine A. Clark,https://www.truthfinder.com/contact,(855) 921-3711,
Cathi's Bookkeeping,https://legaldirectorate.ca/contact-us,250 546 9207,
Cc Bloom Flower Farm,https://www.ccbloom.ca/,250 309 7209,
Cedar and Soak,https://www.cedarandsoak.com/contactus,(250) 309-6279,
Cedar Falls Campground,https://www.cedarfalls.ca/contact.html,250-558-1559,
Centex,https://centex.ca/contact-us/,+1-778-475-7515,
Central Hardware (2018) Ltd,,250-838-6474,
Central Hardware Ltd,https://centralhardware.ca/,250-545-2333,
Central Vernon Massage Therapy,https://centralvernonmassage.ca/,250-558-1522,
Centre Drycleaners,https://www.centredrycleaners.ca/,(250) 545-2002,
Century 21 Executives Realty Ltd : Natasha Malou f,,250-878-1868,
Century Quality 1 Roofing Ltd,,250-308-2467,
Chad Bennett Re/Max Kelowna,,778-363-7653,
Chandler Marsh Real Estate Professional,,250-309-0806,
Chantana's Thai Restaurant,,250-766-6660,
Chapman Sand & Grave L Ltd,https://chapmansand.com/contact,250 546 3340,
"Charlene Silvester, Notary Public",https://www.vernonnotary.com/contact/,(250) 542-4313,
Chartwell Carrington Place Retirement Residence,https://chartwell.com/contact-us,(250) 545-5704,
Chatters Salon,https://chatters.ca/contact,250-260-7778,
Cheek To Chic,https://www.cheektochic.ca/contact-us/,(250) 542-3347,
Chelsea's Basic House Cleaning,,250-306-1038,
Cherz Salon,,(250) 309-3662,
Chevron,,250-558-5595,
Chicken Little Baby and Kids,https://www.chickenlittle.ca/,250-549-1221,
Child and Youth Mental Health,,+1-250-558-2775,
Chiropractic,https://northokanaganchiroandmassage.ca/,250 546 6699,
Chopsticks,,+12507661111,
Chris Bileske Electric,https://cbelectric.org/,250-550-6591,
Chris Holm & Associates: Okanagan Realtors,https://www.chrisholmrealestate.ca/,250-309-0039,
"Christie De La Perrelle, Rmt",,250-354-8752,
Christopher Plumber,,250-542-0657,
Christopherson Al Lepage,https://cantonmuseum.org/contact/,250-955-2188,
Cindy's Hair Studio,https://hair-studiolubertsy.clients.site/,250-307-0783,
Circus Clouds,https://circusclouds.com/contact,250-545-5281,
City Furniture & Appliances Ltd.,,(250) 549-3121,
City Furniture Downtown Outlet,,(778) 475-3185,
Clark Doug Construction,,250-838-6230,
Clarks Tile Roofing,,250-549-7074,
Classic Auto Repair,https://neighborsautorepair.ca/,2505493133,
Classic Roofing,https://roofmart.ca/contact/,250-546-3451,
Cleanfreaks,https://www.reverbnation.com/contact,250-938-7207,
Cleanplus,,250-212-3311,
Clear Fx Window Cleaners,https://www.clearfxwindowcleaners.ca,250-307-3760,
Clear Reflections Window Cleaning,https://www.clearestglass.ca/,250-515-6139,
Cleverley Real Estate,,236-426-1009,
Click-A-Geek Tech Support Ltd.,,(250) 542-4335,
Club Mara Resort Ltd,,250-838-6226,
Cm Manufacturing,https://www.armstrong-tech.com/contact-us/,250 546 8883,
CMD Accounting Services Inc.,https://www.cmdasrv.com/,(250) 558-2989,
Co-op (32nd St Co-op Service Station),https://vernonmatters.ca/2025/12/23/contact-is-lost-with-a-private-jet-heading-for-libya-after-takeoff-from-turkey-official-says/,1-236-4261423,
Coats of Many Colors,,(250) 309-8490,
COBS Bread,https://www.cobsbread.com/pages/contact#erid54435797,+18336082200,
COLDSTREAM CHINESE RESTAURANT,https://snackscafe.com/,250-503-1878,
Coldstream Electric,,250-558-7854,
Coldstream Willows,http://www.coldstreamwillows.ca/contact,250-260-3446,
Coldwell Banker Executives Realty,,(250) 549-2103,
Coldwell Banker Horizon Realty,https://www.kelownarealestate.com/contact,(250)860-7500,
Colin Manning,https://www.legal500.com/contact-us,780-236-3895,
Collectors Direct,https://www.globuya.com/contact,778-943-1090,
Colossal Cakes,,250-808-2718,
Combined Mechanical Contractors Ltd,https://vernon-bc.1c1.ca/,250-542-6213,
Comfort Keepers,https://www.comfortkeepers.ca/contact-us/,(778) 214-2464,
Commercial Construction Supply (Kelowna) Ltd,,250-545-2800,
Commonage Construction Ltd.,https://opencorporates.com/contact/,250-899-2420,
Community Dental Access Centre,https://okanagankids.com/,(778) 475-7779,
Community Futures North Okanagan,https://www.futuresbc.com/contact/,(250) 545-2215,
Community Living BC,,250-549-5490,
Community Roofing Co. Ltd.,https://www.communityroofing.ca/contact-us,(250) 549-4500,
Condor Systems Ltd,https://condorsigns.ca/contact-us/,250-545-7474,
Consumed Autoworx,https://point-s.ca/,(250) 558-2340,
Context Counselling,https://contextcounselling.ca/contact/,236-600-9923,
Cool Creek Energy,https://www.coolcreek.ca/contact-us/,250 546 9461,
Cora Breakfast and Lunch,https://www.chezcora.com/,(250) 549-2672,
Corbett Office Plus,https://corbettoffice.com/404.aspx,(250) 549-2236,
Core Creations,,250 500 3273,
Cost Cannabis,https://costcan.ca/contact-us/,250 546 0442,
Cotton's Chocolates,,(250) 503-2535,
Cottonwood Clinic,https://www.healthlinkbc.ca/search?kw=contact,2505457607,
Country Cottage B&B,http://www.vernoncountrycottage.com/contact.html,250-938-7521,
Country Manor Catering & Food Services,,250 215 0144,
Country Stone Builder's Ltd,https://www.countrystonebuildersltd.com/contact,250-545-7903,
Country Tractor,,250 546 3141,
Country West Supply,https://www.countrywestsupply.com/,(604)847-3737,
"Courtney Martin, Rmt",https://medium.com/,250-307-9441,
Cpa Cloud Services,https://www.cloud-cpa.com,778-930-0878,
Craft Nurseries Canada Inc,https://www.organnicraft.ca/contactus,778-480-6552,
Crane Enterprises,,250 549 0792,
Creatabls Clothing- Bra Heaven,,250-545-9806,
Creation Woodworks & Flooring,,250-938-8828,
Creative Concepts,https://customcarconcepts.ca/contact-us,(250) 260-1995,
Credit Bureau of Vernon,https://www.bccreditbureau.com/contact,(250) 545-5351,
Creekside Animal Clinic,https://www.creeksideanimalclinic.com/contact-us,250-549-3533,
Creekside Landing Retirement Community,https://www.kaigo.ca/contact-us/,(250) 549-9550,
Crescent Falls Veterinary Hospital,https://topvet.net/,(250) 545-8200,
Crimson Oath Tattoo,https://www.crimsonoathtattoo.com/,(250) 545-0288,
Crosby Lawyers,https://www.canadianlawlist.com/contact,(250) 558-5790,
CrossFit Vernon,https://www.crossfitvernon.ca/contact-crossfit-vernon-in-vernon-bc,(250) 540-1530,
Crowne Speech and Language Services,https://www.gov.uk/contact,(250) 308-1916,
Cruising the Okanagan,,1-250-309-3237,
Crystal Glass Canada Ltd,,250-545-4355,
Crystal nails,https://vernoncrystalnails.com/,+16137798540,
Crystal Sinclair,https://legacy.livewebroom.com/go8,250-808-3535,
Csi Code Systems Inc,https://www.crunchbase.com/,250-766-0577,
CTR Mechanical Ltd.,,(778) 692-7847,
cuisine Of India,https://spiceon6.com/,+1-778-475-0877,
Culos & Co,,250 546 2448,
Curbside Landscape & Exterior,,250-308-7232,
Curry Pot Indian and Nepalese Cuisine,https://currypotvernon.com/contact-us/,(250) 545-9195,
Curves,https://www.curves.com/ca/contact-us,250-546-3230,
Custom Concept Painting,https://www.shopinvernon.com/Custom-Concept-Painting/508634.htm,250-545-2911,
Custom Metal & Heating,https://www.customsheetmetalandheating.com/contact-us,250-549-3316,
Cyndi's Pet Sitting Services,,250-938-3847,
Cypress Funeral & Cremation Services,https://cypressfuneral.ca/contact/,(250) 558-0866,
D & P Design & Construction,,250-309-0099,
D. R. Robertson Injury Law,https://limburi-ca.com/contact/,236-426-3572,
D.A. Mechanical,,250-307-3313,
Dairy Farmers Of Canada,https://dairyfarmersofcanada.ca/en/dairy-in-canada,613 236 9997,
Dairy Queen,,778 442 1200,
Damian Pighin Prec,,250-938-7253,
Dan & Judi Reinhardt Real Estate Team,https://danreinhardt.com/,250-309-9111,
Dan's Garage,,778-475-3410,
Dan's Mobile Auto & Recreational Repairs,,250-307-8293,
Dancing Scissors Salon,,250-938-0510,
Dancy Pants Boutique,http://www.dancypantsboutique.com/contact,250-542-7192,
Danica Djordjevich,https://www.skatingscores.com/,250-546-2111,
Daniel Poulin Law,https://poulinlaw.ca/contact-us,(236) 426-2555,
Daniela Levesque Interior Design,https://sageinteriordesign.ca/contact/,250-862-0927,
Danielle's Dog Grooming,,250-540-7301,
Darin's Plumbing Ltd,,250-542-9869,
Darlene Sommerfeld - Realtor - Property Manager,https://darlenesommerfeld.royallepage.ca/,250-540-8015,
Dave Drexel,https://orcid.org/404,250-212-5419,
Dave's Mobile Mechanic Services,https://mobilemechanic.com/,250-542-1906,
David Mardiros Law Office,,778-475-4543,
David Venter Chartered Professional Accountant Inc,https://www.venter.ca/contact,(778) 215-4695,
Davidson Lawyers LLP,,(250) 542-1177,
Davison Orchards Country Village,https://www.davisonorchards.ca/contact,(250) 549-3266,
Days Inn Vernon,,250-549-2224,
"Dc Flooring Supplies - Vernon, Bc",https://www.prosol.ca/dcflooringsuppliesacquisition/contact,250-503-5012,
Dcr Contracting,,250-862-1746,
"Deanna Beaudoin, Edward Jones Financial Advisor",https://www.edwardjones.ca/ca-en/contact-us,(778) 790-0840,
Deano's Landscaping & Excavating,http://deanoslandscaping.com/,250-548-3041,
deBoersap Refinishing,https://www.deboersaprefinishing.ca/,(250) 545-3813,
Deborah's Tile In Style,,250-545-2050,
Decalme Graphics,,250-545-7240,
Dedora Schoenne Appraisers,https://dsappraisers.com/contact-us,(250) 542-2222,
Del Selin Gunsmith Ltd,https://www.henryusa.com/contact-henry-repeating/,(250) 545-6413,
Delaney Properties,https://www.starofservice.ca/,(250) 550-2120,
Delia's Nails,https://www.deliasnails.ca/,(250) 503-6116,
Dennis Desrochers RMT,https://accounts.janeapp.com/lookup?referrer=dennisdesrochersrmt.janeapp.com#staff_member/1,250-550-8633,
Desnoyer Sharon Royal LePage,https://www.royallepage.ca/en/contact-us,250-503-6509,
Destanne Norris Of Waterline Studio,,250 307 1611,
Deuto Construction Ltd.,,250-309-1090,
Devco Industries Ltd,,250-558-1166,
DHW Enterprises,,250-546-9916,
Diamond Parking Ltd,https://www.diamondparking.ca/contact-us/,1-888-587-1111,
Diamond West Builders,https://www.diamondwestbuilders.ca/contact/,250 550 4396,
Dianna April,,250-938-8050,
Dieters Auto Repair,,250-545-2980,
Digger Civil Contractors Ltd,https://www.diggersconstruction.ca/contact-jobs-vernon/,250.545.0771,
Dignity Memorial - First Memorial Funeral Services,https://www.dignitymemorial.com/contact-us,8003434464,
Diner on Six,,(778) 475-5979,
Direct Energy Business Services Fax Line,,250-503-5427,
Direct Travel,,(250) 542-5371,
Dirty Paws Dog Adventures,https://www.vernoncrateescape.com/contact,250-309-9227,
Discovery Consultants,https://discoveryconsultants.com/,(250) 542-8960,
Discovery Optometry,https://discoveryoptometry.com/contact/,(250) 503-2020,
Distinct Cribbing & Framing Inc,,250-938-3768,
Distinctive Décor Antiques,https://www.vancouverisawesome.com/tri-city-news-archive,(250) 549-5010,
District of Coldstream,https://www.coldstream.ca/contact,(250) 545-5304,
Diversity Den Society,https://www.diversityden.ca/,(250) 241-0745,
Dogwood Records,https://dogwoodrecords.carrd.co/,(236) 426-2646,
Dollar Dollar Armstrong,,250 546 0535,
Dollar Dollar Lumby,,1-250-547-9848,
Dollar Tree,https://locations.dollartreecanada.com/,+1-250-545-9363,
Dollarama,https://www.dollarama.com/,2502758263,
Don Aoki,,250-309-0303,
Don's Bobcat,,250-766-0672,
Donald David Furniture Design,,250-558-5779,
Donald's Machine Works,https://www.donaldsmachine.ca/contact,250 542 5557,
Dorian's Greek Taverna,https://doriansgreektaverna.ca/contact-us/,250-558-5100,
Down Under Pipe Inspection Ltd,,(250) 938-1213,
Downtown Royal LePage Ltd,https://www.royallepage.ca/en/contact-us,250-545-8325,
Dr Christopher Ciriello,https://www.cornerstonedental.ca/site/home,250-545-5604,
Dr F B Healey Inc,,(250) 545-3233,
"Dr Gary Wessels, Inc",https://thevernondentist.com/contact/,(250) 542-1045,
Dr Greg Kosar,https://winfielddentalcentre.ca/contact/,250-766-1003,
Dr Gregory Campbell Inc,https://www.ontariodoctordirectory.ca/contact.html,250-545-8384,
Dr Michael Cooke,https://www.vernonpediatrics.org/contact-us,(250) 558-5506,
Dr Michael Kwasnek,https://nowhealthnetwork.com/,250-545-3318,
Dr Trent Sunderland,http://sunderlanddental.com/contact,250-549-5205,
"Dr. Abdel-Kader Inc.,",https://www.bcdoctordirectory.ca/contact,(250) 542-3475,
Dr. Alfred T. Chan Medical Inc,https://www.healthdoc.ca/contact,(250) 545-2034,
Dr. Deborah Zokol,,250-548-3535,
Dr. Fred Dyck Inc,,(250) 542-5520,
Dr. Hamish Hwang,https://doctorhwang.ca/,250-545-2288,
Dr. J.Mark Wasylyk Inc,https://www.health-local.com/,(250) 545-2169,
Dr. Kenneth P Lawrence,https://kpldental.ca/contact,(250) 549-3113,
Dr. Louis B. Boucher Medical Services Inc,https://infonews.ca,2505492266,
Dr. Paul C. Smylie Inc,,(250) 542-6033,
Dr. Phebe-Jane Poole,https://pjpoole.com/contact-us/,(250) 307-3015,
Dr. Pritpal Dhaliwal,,250-545-3300,
Dr. Shawn Lee Corp,,2505421315,
"Dr. Teresa Cline, Dnm",https://www.drteresa.ca/contact,250 214 3344,
Drain Flowz Plumbing,,250-550-5023,
Drawing It Out,https://www.drawingitout.com/contact,778 558 3544,
Drax,https://www.drax.com/contact-us/,(250) 258-8672,
Driving Miss Daisy,https://drivingmissdaisy.ca/contact/,250 540 0975,
Ductman Heating and Air Conditioning.,,250-503-6749,
Dugas Law,https://www.bclawyers.ca/contact/,(778) 475-5924,
Dugas M Shane,https://www.rpmmarinas.com/en/contact/,+17054571473,
Dugas O'Quinn,,778-475-5964,
Dunbar Automotive,https://www.dunbarauto.ca/contact-us,(250) 545-7733,
Duniy Construction Co,,250-215-5569,
Dwayne Bell Excavating,,250-833-2534,
Dyck Patricia Royal LePage,https://www.royallepage.ca/en/contact-us,250-558-3401,
E&S Quality Air Ltd.,,250-351-9495,
Eagle Industries 2018 Ltd,https://lexnau.com/,250-545-2711,
Eagle Rock Plumbing & Heating,,(250) 540-8166,
Eagle Rock Towing,https://www.eaglerocktowing.com/contact-us,250 546 8290,
Eaglerock Crane & Welding,,250 309 0982,
Earls Restaurant,,(250) 542-3370,
Earth Effects Landscaping,,250-308-6562,
East Hill Auto & Truck Repair,,250-542-5494,
East Hill Crossing Café,https://easthilleatery.com/,236-426-0330,
Eatology,https://www.eatology.ca/contact/,(236) 426-4400,
Ebenezer's,https://lmusic.kz/,(250) 542-0980,
Ebus,https://www.myebus.ca/contact/,1-877-769-3287,
Eclipse,,250-548-3609,
Ecora,https://www.workopolis.com/,250-469-9757,
Ed's Mobile Kayaking,https://edskayak.ca/contact/,250-550-5980,
Edge Apparel and Imprints,https://edgeimprints.com/contact/,(236) 426-2250,
Edge Of The Earth Winery,https://edgeearth.ca/,250 546 2164,
Edible Canvas Grill Ltd,,250-549-1499,
Edo Japan,,(250) 275-1588,
EH PLUS Mechanical,,250-542-7757,
Eileen Loewen Realtor,https://okanaganestates.com/contact.html,250-275-6565,
Elemental Family Counselling,https://www.elementalfamilycounselling.ca/,(236) 428-4994,
Elements Bus Repair and Parts Ltd.,https://ca.nextdoor.com/,(778) 319-2630,
Elevated Building Envelopes Ltd,https://elevatedbe.com/contact-us/,(250) 542-5544,
Elice's Printopia,,250-558-0633,
Emax Business Services,,250-766-9190,
EMCO Corporation,,250-542-4355,
Emerald Estate Cleaning Services,,250-307-4281,
End of the Roll,,(250) 558-0401,
End2End Roofing Vernon Bc,,778-717-2381,
Enderby & District Museum and Archives,https://www.enderbymuseum.ca/,+1 2508387170,
Enderby Imports,,250-838-5545,
Enderby Preschool Society,https://www.enderbypreschool.org/contact-us.html,250-838-6676,
Enhance Studio Medi-Spa,https://enhancestudio.com/,250-542-8807,
Enlighten Hair & Tanning Salon,,(250) 351-4349,
Enve Laser & Aesthetics,https://www.envelaser.ca/contact,204-271-4993,
Envy Apparel,https://www.envyapparelfit.com/contact,250-545-4004,
EPS Electric Ltd,https://www.electricpower.cc/contact,(250) 306-0215,
Errands and Beyond,https://errandsandbeyond.ca/contact-us,(250) 309-3425,
eSafetyFirst Canada,https://esafetyfirst.com/courses/whmis/,(866) 470-7740,
Escape Tanning & Esthetics,https://okanagango.com/contact/,250 307 4566,
Esi Electrical Solutions Inc,,1-855-838-0072,
Eunike Boutique,,(250) 549-1304,
Euphoria Wellness Retreat,https://vernonscout.ca/contact/,236-426-2262,
Everdene Consulting,http://www.everdeneconsulting.com/contact,(778) 988-7153,
Evergreen Building Maintenance,https://evergreenmaintenance.ca/contact/,(647) 494-9436,
Evolve Beyond Education Solutions,https://www.evolveeducationsolutions.com/contact,(780) 897-4744,
Evolve Digital Solutions LTD,,(905) 717-3725,
Evolve HairStudio,,778-475-5907,
Evolve Leadership Developmen T,,250 503 7786,
Ex Nihilo Vineyards & Tasting Room,,250-766-5522,
Excalibur Printing,https://www.printfactory.ca/contact-us,250-542-5511,
Excel Fitness Inc,,250-307-7361,
Exclusive Marine Sales,https://www.exclusiveautomarine.com,(778) 943-2177,
Exel Exteriors,https://www.exelexteriors.ca/contact/,250-309-7574,
Express Hot Water Heaters & Plumbing Service,https://www.keybusinessconnect.com/,250-541-1315,
Fair Realty - Stephanie Sexsmith,,(250) 503 6809,
Fairfield Inn & Suites by Marriott,,250-260-7829,
Fairview Family Law,https://www.fairviewfamilylawbc.com/,250-542-7550,
Faith & Co,,250-542-7081,
Falkland Towing & Salvage,https://uscarjunker.com/contact-us,250-351-9666,
Fam Care Medical,https://pathwaysmedicalcare.ca/contact/,250-549-1216,
Family Chiropractor,https://armstrongfc.com/,250 832 4186,
Family Dentistry,https://derektownsend.com/contact,250-766-2488,
Family Matters Counselling,https://www.familymatterscounselling.com/,250-938-6022,
Family Tax Time,https://familytaxtime.ca/contact/,2503517449,
Farmer's Market Association of Lake Country,https://www.derekleippi.com/contact,+1-250-317-7881,
Farmhouse Pizza and Donair Ltd,https://www.farmhousepizzaanddonair.com/,(250) 503-0110,
Farmstrong Cider Company,https://www.farmstrongcider.com/,250 309 2609,
Farrer Rentals Ltd. (also dba Ren-Con Supply),https://rencon.ca/,(250) 545-9108,
Farrer Todd Century 21,,250-503-6335,
FBBC Fitness,,778-475-0111,
Fenske Financial Coaching & Planning,https://www.fenskefinancialcoaching.com/contact-us,(250) 306-1256,
Ferguson Roofing,,250-379-2201,
Fermco Party Shoppe,https://www.fermcorentalsandsales.ca/contact/,(250) 549-2002,
Fieldnotes Market,https://www.fieldnotesmarket.ca/,250 884 2331,
Fields,,1-250-547-8735,
Fieldstone Organics,https://www.fieldstoneorganics.ca/contact/,250 546 4558,
Fifth Generation Plumbing & Heating Inc,,250-542-5052,
Fig Bistro (The),https://vernon.com/contact,(250) 558-5983,
Final Touch,https://www.finaltouchgroup.com/contact,250 546 1949,
Finesse Business Services,,250-542-2112,
Fintry Contracting Ltd,,250-766-0522,
Firefly Eatery,,(236) 873-2863,
Firefly Travel Solutions,,250-545-5085,
First Choice Haircutters,https://www.firstchoice.com/contact,250-260-5852,
First Data,https://www.clover.com/ca?utm_source=chamber_banner&utm_camp,(905) 282-6176,
First Nations Employment Services,https://www.vernonfirstnationsfriendshipcentre.com/contact-us/,(250) 558-3345,
Fisher's Home Hardware,https://www.homehardware.ca/en/landing/contact-us,2505424321,
Five Fathoms Tattoo,https://www.fivefathomstattoo.com/contact-us,(250) 260-7843,
Five Star Awards Ltd,http://www.fivestarawards.ca/contact-us,(250) 275-2600,
Flesh Body Piercing,https://www.fleshbodypiercing.com/contact,(250) 306-7038,
Fletcher's Keep Senior Dog Foundation,,(250) 564-2334,
Flooring Hub Vernon The,,778-475-7700,
Flow Marshall Arts & Fitness,,778-443-5004,
Flow Physiotherapy and Wellness,https://flowphysio.ca/,(250) 541-9333,
Foothill Rocks Import + Export Inc,https://www.foothillrocks.com/,(250) 503-4731,
Foothills Contracting & Bobcat Service,,250-558-8133,
For Good Measure Inc,,(250) 307-0076,
For Men Only Barbershop,https://vernonbarbershop.ca/,(250) 549-1017,
Forge Valley Fitness,https://forgevalleyfitness.com/,778-475-3234,
Fortune Creek Ida Pharmacy,https://fortunecreekidapharmacy.com/contact/,250 546 1411,
Fortune Creek Kennels,http://www.fortunecreekkennels.com/,(250) 546-8639,
Fortune's Landing Motel,https://enderbymotel.ca/contact,+1-250-838-6825,
Foto Shoppe 1 hour,,250-558-1105,
Fountain Tire,https://www.fountaintire.com/contact-us,18002226481,
Fountain Tire Vernon,,(778) 475-0054,
Four Point Electric Inc,https://www.fourpointelectric.ca/contact,236-578-2001,
Fox and Sons,https://foxandsons.ca/contact-us/,8336490864,
Francks Gary Re/Max,,250-260-4711,
Frank's Plumbing & Heating Ltd,https://franksphc.com/,250-542-9734,
Fraser Financial Group: IPC Investment Corporation,https://fraserfinancialkamloops.com/,250-377-7664,
Freedom Body Piercing and Tattoo,,(250) 558-3733,
Freedom Flight School,https://www.freedomflightschool.com/,250-891-4447,
Frenchie's European Spa & Retreat,https://europeanspa.ae/,250-766-1982,
Fresh Lemongrass Vietnamese Restaurant,,778-475-1688,
Fresh Start Interiors,https://vernonsinteriors.co.uk/,(403) 667-6671,
FreshCo Pharmacy,https://oatrx.ca/contact,250-542-8008,
FreshMart,https://www.freshmart.ca/,1-250-547-2236,
Friesen's Country Tyme Gardens,https://www.friesenscountrytyme.com/contact/,250-549-3587,
Fringe Welding & Fabrication,,250-540-0427,
Frugal Frocks,https://www.frugalfrocks.ca/,250 546 3448,
Full Charge Cycles (formerly Vernon E Ride),,(236) 426-4002,
Full Lotus Recreational Decks,,778-475-4009,
Full Throttle Small Engine Services,https://www.uhaul.com/Contact/,250-547-2224,
Furmanek Jewellers,https://furmanekjewellers.com/vernon-jewellers-contact-us/,(250) 549-3737,
Fusion Hair Studio,,250-766-2099,
G & B Fuels,https://gbfuels.biz/contact-us/,+1-250-838-2225,
G-Con Ltd,https://www.engineer.bz/contact,778-930-1335,
G.R.S. Enterprises Ltd,,250 546 9101,
Gantry CNC Sign Co,https://www.cnc-dabai.com/contact-us,778-475-1234,
Garland Yard Services,,780-207-5384,
Gathering Grounds Thrift,,778 442 0019,
Gatzke Orchard,https://www.gatzkeorchard.com/,250-548-3444,
Gavin Lawrence Photo,https://gavinlawrencephoto.com/,250-819-3220,
Geordies Custom Welding,http://www.geordiescustomwelding.ca/contact.html,250-307-5554,
George's Crane Service,,250-549-1784,
Get Colour Copies,https://www.getcolourcopies.ca/contact-us,250-260-1970,
Gibson Accounting,https://www.gibsonaccounting.ca/contact/,250-545-7374,
Gibson Contracting,,250-469-9704,
Gilbert Supply Co Ltd,,250-546-0025,
Gilmay RV,https://gilmay.ca/contact/,(250) 503-2221,
Given Massage,,250-307-5854,
Glad Tidings Pentecostal Church,https://www.gladtidingsarmstrong.ca/,250 546 3818,
Glenbawn Landscape Construction Ltd,https://www.glenbawn.ca/contact,(250) 899-8985,
Glendale Roofing & Renovations,,250-308-1193,
Global West Commercial,,250-503-3477,
Glohaven Community Hub,https://glohaven.com/contact,(250) 503-6126,
Go Eco Mechanical Ltd.,https://goecomechanical.com/contact/,250-212-9748,
Go Green Clean ! - Salmon Arm / Enderby,https://sshss.ca/,250-833-8911,
Go Local Post Cards,,250 540 5904,
Godard Excavating & Bobcat Services,https://www.godardexcavating.com/contact/,250 938 1000,
Goertzen Residential Design,,(250) 549-7095,
Gold Panner Campground,https://campgoldpanner.com/,250-463-4653,
Gold'N Time Jewellery,https://www.goldntime.ca/contact,(250) 545-7997,
Good 'N' Plenty Produce,,250 546 6862,
Gorman Bros Lumber LTD,https://www.gormanbros.com/contact-us/,1-250-768-5131,
Government Of Canada,https://www.canada.ca/errors/404.html,1 800 622 6232,
Graham's Eye-Tech Optical,,250-838-5541,
Grande Plumbing and Heating,,250-309-0916,
Grandpa's Heart at Nicklen Lake,https://www.grandpasheart.ca/contact,604-799-8851,
Graphic Enterprises Signs & Designs Ltd,https://graphicenterprises.ca/contact/,(250) 549-6611,
Gray Monk Estate Winery,https://graymonk.com/contact/,250-999-1294,
Great Canadian Oil Change,https://www.gcoc.ca/contact-us/,+1-844-469-4262,
Great Wall Restaurant,https://great-wall-restaurant-armstrong.res-menu.com/contact,250 546 8284,
Green Fever Innovation,,250-309-7547,
Green Valley Estates,https://www.baptisthousing.org/contact-us,250 546 3933,
Green Velvet Lawn & Tree Care,https://www.greenvelvet.ca/,(250) 542-8719,
Greenstone Solutions,,(250) 212-5803,
Greenway Electrical Ltd,,250-448-7474,
Grillers Meats & Eats,,(250) 549-3100,
Grounds Guys Landscape Management,https://www.groundsguys.ca/contact/,(250) 545-3863,
Gudeit Bros. Contracting LTD,,1-250-547-9899,
Gumtree Catering,https://www.gumtreecatering.com/,(250) 558-7555,
H & L Glass Ltd,,250-541-1168,
H&R Block,,2505493332,
H20 Plumbing & Heating,,250-766-0863,
Hagemann Jewellers,https://www.hagemannjewellers.com/contact/,(250) 545-1528,
Hagley Heating and Air Conditioning Co,,250-542-9695,
Hair By Laura,https://lauraashleyesthetics.com/,(250) 549-4441,
Hair Loft,https://centralhours.com/contact/,250-545-1660,
Hakkaart Krystal Dr,https://elevateyoursmile.ca/,250-549-5115,
Halo Aftercare & Pet Cremation,https://armstrong-bc.allcanadachurches.com/,250-308-8383,
Hammerhead Construction,,250-309-3193,
Handy Guys Home Renovation & Repair Inc,https://handyguys.ca/contact-us,250-549-0975,
Handy Ma'Am,,250 546 6768,
Handyman Hands,https://www.nexdu.com/,(250) 307-8772,
Hansen Engraving & Awards,https://shiningawards.com,250-766-1727,
Hardy Construction And Renovation,,250-308-8818,
Harper Private Wealth at Wellington-Altus Private Wealth,https://advisor.wellington-altus.ca/harperprivatewealth/,(236) 600-5951,
Harries Construction,https://harriesconstruction.ca/contact-us/,250-545-6018,
Harris Krista,http://okca.ca/contact,250-558-3500,
Hartwood North Farm,https://expireddomains.com/domain/hartwoodnorthfarm.com,250 558 6804,
Haru Sushi & Grill,,250 546 9300,
Haugen Community Healthcare Society,,250 546 3825,
Haveli Indian Cuisine,,250-503-3033,
Hawthorn Farm Studio,https://hawthornfarmstudio.ca/,250-309-1368,
Haze Tattoo,https://www.tattooed.co/contact,2364261399,
Headlines Salon,,(250) 542-8121,
Health First Chiropractic,https://www.healthfirstchiro.net/contact-us,250-766-2141,
Heemskerk Accounting,,778-475-4997,
"Heidelberg Materials, Concrete",https://www.heidelbergmaterials.us/contact,250-545-3371,
"Heidi Mccartney, Rmt",,250 309 6415,
Heidi Thompson Art Gallery,https://heidithompson.ca/contact,250-542-1551,
Helmut's Sausage Kitchen,https://helmuts.ca/contact-us,250-260-3281,
Henchez Painting,,250-546-0699,
Heron Painting,,250-307-7079,
Hewitson Earthworks,,250-808-2483,
"Hey, It’s Dave! - Professional Painting Services",https://heyitsdavepainting.com/contact,(250) 488-5676,
Hi Pro Branded Solutions,https://www.hiprobrandedsolutions.com/contact,(250) 542-3373,
Hi-Pro Sporting Goods,https://hiprosports.net/contact-us/,250 308 4612,
HiFi Attic,https://hifiattic.ca/contact/,250-260-3336,
High Country Insulation,https://www.highcountryinsulation.ca/contact-us,250 546 3456,
Highpoint Performance & Recovery,https://yourhighpoint.ca/contact,250-503-8488,
Highview Bed & Breakfast,,250-542-5367,
Hildebrandt Homes,https://www.vernonbchomebuilder.ca/,250-309-4986,
Hillside Auto Services Ltd,,778-402-7432,
Hilltop Subaru,https://www.hilltopsubaru.com/contact/,(844) 989-3211,
Hivac Company Ltd.,https://hvaccontractorwaco.com/,250-545-5242,
Hodge & Associates,,1-250-542-4048,
Hogies Towing,https://hogies.ca/,250 546 3472,
"Hokhold, Dr. Andrew N",https://www.hokholdinc.com/contact-us/contact-information-office-map/,(250) 545-9057,
Holiday Inn Express Hotel & Suites,,(250) 550-7777,
Home Building Centre - Vernon,,(250) 545-5384,
Home For Dinner,https://homefordinner.info/,250-549-3145,
Home n Work Mortgages,https://kal-mor.com/contact/,250-306-0714,
Homefront Plumbing Ltd,,250-766-1013,
HomeSense,,+1-250-275-7281,
Homespun Haven,,250 546 3224,
Hometown Enterprises (2009) Ltd,,250-545-5162,
Honest Renovations,,250-550-4535,
Hornby Equipment,,250 546 3033,
Hot Spot on 6,https://www.hotspoton6.com/contact,778-475-2828,
House Of Dwarfs Daycare,,250-542-3736,
HR Covered,https://www.hrcovered.com/contact-us/,1-866-606-0149,
HSBC,,250-542-3345,
Http://Www.Androidcreditcardprocessingandmerchan ta,https://www.mondadoristore.it/contact,778-480-4995,
Hub International Insurance,https://www.hubinternational.com/contact-us,250 546 8787,
Hullcar & Deep Creek Community Hall Society,,250 546 1944,
Hungry Jack's Cafe,,250-838-6811,
Hunters Range Snowmobile Association,,250-575-2788,
Husky,https://vernon.cdncompanies.com/,+1-250-549-3034,
Hwy 6 Mini Storage,https://hwy6ministorage.ca/,1-250-547-2090,
Hytec - A Kohler Company,https://www.hytec.ca/contact-us,250 546 3196,
I-Con Excavation Ltd,,250-503-6088,
IA Financial Group,https://ia.ca/contact,(250) 309-2298,
Iconic Gift Shop,https://shops.mountvernon.org/,(778) 463-4009,
IDA Astral Pharmacy,https://gotodoctor.com/,2505411999,
IDA Pharmacy,https://www.tiendeo.ca/,+1-250-766-2666,
Ida's Bakery & Deli,,1-250-547-9777,
IEP Energy Economics,https://energyeconomicssolar.ca/,(250) 718-7282,
IG Wealth,https://www.ig.ca/en,(250) 545-9188,
Image Earthworks,,250-309-9239,
Image Studios,,250-540-3684,
Imagine Pools and Waterscapes Ltd,,(250) 542-7897,
Immaculate Construction,,250-766-4485,
Indus Travel,https://www.indus.travel/contact,(866) 978-2997,
Infiniti Photography Kelowna,,250-317-4207,
Infinity Power,,778-402-9702,
Inner Vitality Counselling,,(250) 307-3112,
Inspira Landscaping,,250-938-1037,
Inspire Graphix,,250-808-8216,
Inspirefly Child Care Center,https://www.prpeak.com/other/contact-us,604-319-5232,
Integer Whole Health and Biodynamics,,250-309-8128,
Integral Accounting Inc.Chartered Professional Accountant,,(778) 770-0022,
Integrity Traffic Control Training,https://www.integritytraffictraining.com/contact-us,250 306 1473,
Interactive Counselling,,(778) 506-2276,
Interior Denture Center Inc,https://www.interiordenture.ca/contact-us,(250) 541-9929,
Interior Fire Mitigation,,250 546 2990,
Interior Provincial Exhibition,,250 546 9406,
Interior Vault Ltd,https://www.interiorvault.com/contact/,(250) 372-1897,
Interior West Cleaning Supply,http://www.interiorwest.ca/,(604) 446-9772,
Intermezzo Restaurant and Wine Cellar,https://intermezzowinecellar.com/contact/,(250) 542-3853,
Intrigue Wines,https://www.intriguewines.com/contact/,250-980-3233,
IRIS Optometry and Opticians,https://iris.ca/,250-542-2239,
Iristz Beauty Innovations,https://www.sephora.com/ca/en/?country_switch=ca&lang=en,250-448-6467,
Iron Heart Gym,https://www.ironheartgymvernon.com/,(778) 475-3539,
Iron Heart Studio,https://www.localgymsandfitness.com/contact,236-426-4700,
IRS Independent Respiratory Services,https://irscanada.ca/contact-us/,(250) 549-3271,
Italian Kitchen Restaurant,https://italiankitchenvernon.com/contact-us/,(250) 558-7899,
iTEX Prototyping,,778-212-0716,
iThread,https://www.ithread.ca/contact,(250) 503-1330,
Ivan's Imports,https://ivansimports.com/,778-692-0055,
J Birchwater Photography,,250-801-4307,
J C Electric,https://www.jcelectricvernon.ca/contact-us,250-308-7225,
J C H Construction Inc,https://jchconstructioninc.com/contact-us/,250-308-0603,
J&D Eyewear,https://jdeyewear.com/password,778-475-1100,
J-Don,,(250) 558-6939,
J. Armstrong Shapter Inc,https://armstrongaccounting.com/contact-us,250 546 8757,
J.C. Excavating,,250 558 8932,
Jack Pine Contracting,,250-878-6084,
Jack Wessell Painting,,250-308-2870,
Jada's Trails For Tails,,604-812-1187,
Jade Bay Family Dentistry,,250-766-4494,
Jami Cruikshank Mortgages,https://www.fca.org.uk/contact,587-217-4099,
Jamie MacArthur,https://www.jamiemacarthurlaw.ca/,250-549-6030,
Jason's Landscaping,http://oldjasonslandscaping.shawwebspace.ca/contact,250-869-9429,
Jax and King Salon,,(250) 549-1994,
JayDee Associates,https://jaydeeassociates.blogspot.com/,778-475-1042,
Jayme McKillop Co.,https://jaymemckillop.com/contact.html,(250) 307-8137,
Jazzercise Vernon Fitness Studio,https://www.jazzercise.com/contact,250-558-9875,
JBJ Computer,https://jbjcomputers.com/contact/,250-549-2041,
Jealous Pizza,,7784751400,
Jeanette's Bussin Bistro,,250 241 3663,
Jeco Electric,,250-309-5144,
"Jems Jewelry, Beauty Accessories & Imports",,250-859-7879,
JenAlio's,https://www.jenalios.com/,250-558-0082,
Jenkins Residential Projects,https://jenkinsprojects.ca/,250-546-0064,
Jennifer Lark Kent Thai Yoga Massage,,250-253-3055,
Jennifer Miskosky Rmt,https://miriamzmerna.pages.dev/contact/,250-309-5655,
Jeremy Schaffner,https://ai.trutim.com/help/contact,250-549-9549,
Jespersen Karen Coldwell Banker,https://www.coldwellbanker.com/,250-306-2068,
Jim's House Painting,https://certapro.com/contact/,250-558-3657,
Jitter Beans Coffee House,https://www.cbc.ca/,1-778-473-6901,
Jitter Beans Coffee Shop,https://www.jitterbeancoffee.com/contact,7074769393,
JJ Helping Hands,https://jjhelpinghands.org/contact-us,250-308-2125,
Joanne Feenstra Business Services,https://radaris.com/contact,250-546-8353,
Joe Fresh,https://www.joefresh.com/ca/contact,250-550-2319,
Joe Worley's Bobcat Service & Contracting,,250 306 4370,
Joey's Restaurants,,(250) 503-3800,
John Beales Professional Services Inc,https://www.lakecountryaccountants.ca/contact,+1-250-766-3736,
John Rudy Health Resource Centre Association,http://www.johnrudyhealth.ca/,(250) 938-8092,
Johnner Excavating & Trucking Ltd,,250-260-8383,
Johnston Meier Insurance Agencies,http://jmins.com/contact-us/,(250) 545-5311,
Jonathan R Avis - Criminal Defence Lawyer,,250-307-0149,
Jones Lynda,,250-379-2797,
Jora Construction,,250-938-4364,
Joseph Hair Styles,,250-549-9596,
Joshua Maurer Photography,https://www.maurermedia.ca/,250-863-2672,
Joyce's Signs & Autographics,,250-540-2632,
Joys Addiction,https://lumbyvalleytimes.ca/contact/,(250) 309-2927,
JS Plumbing,https://www.mrrooter.ca/about/contact-us/,778-212-4847,
Jtr Construction - Home Remodelling Kelowna,https://www.elledecor.com/about/a5320/contact-us/,250-212-6649,
Julian Van Der Walle LLB,https://criminallawyervernonbc.com/contact-me/,(250) 320-9258,
Junction Cafe,https://www.junctioncafe.ca/,250-546-6355,
Juniper Tree Counselling Services,https://www.junipertreecounselling.ca/contact,2502773204,
Just Rocks Landscape Supplies,,250 541 0111,
Justin,,250-307-7537,
K2 Landscaping,,250-558-0459,
Kal Containers Ltd,https://kalcontainers.com/contact/,(250) 938-7199,
Kal Dental Dr,,250-542-0048,
Kal Fitness,https://www.kalfitness.com/,250-549-1240,
Kal Lake Auto Ltd,https://www.kalamalka-lake-seadoo-jetski-rentals.com/contact,250-549-2155,
Kal West Contractors Ltd,https://kalwestelectric.com/contact/,250-542-2307,
Kal-Mor Mortgages & Investments Ltd,,250-549-3250,
Kalamalka Accounting Services,https://www.waze.com/contact,250-542-0615,
Kalamalka Therapeutic Massage Centre,https://www.vernonbcmassage.com/contact-us,250-547-0021,
Kalavida Surf Shop,https://kalavidasurfshop.com/,778-475-5808,
Kaleco Sustainable Lifestyle,https://www.kaleco.ca/,(250) 558-6169,
Kaltek Automotive Protection Ltd.,https://www.aboutamazon.com,(250) 558-9206,
Kare Bears Early Learning Centre,,250-541-0555,
Kare-A-Lot Learning Centre,https://www.karealot.ca/contact-us,250 546 0500,
Karen's Endless Blooms,,250-838-5922,
Karin Vassberg - Royal Lepage,,250-540-4879,
Karma Studio,,(250) 515-1477,
KarryAll Roofing Ltd,,250-309-1587,
Kasper Denture Clinic Ltd,http://kasperdentureclinic.ca/contact-us/,(250) 542-7423,
KawaKubo,https://www.kawakubo-vernon.com/,(778) 475-7887,
Kazehone Restaurant,https://www.djobzy.com/,778-475-7444,
KBM Autoworks,,1-250-547-2376,
Kekuli Paint And Drywall,https://realtorslists.com/,250-540-1035,
Kelli Schneider Mortgages,https://mortgagesbykelli.ca/,778-212-6955,
Kelly Mountain Contracting Ltd,,250-549-2369,
Kelly O'Bryan's,https://www.kobcob.com/contact,(250) 549-2112,
Kemper Construction,https://www.frontierkemper.com/contact.html,250-308-7130,
Ken Baker - TD Financial Planner,https://financialplanners.td.com/kenneth.baker/?src=FPYEXT&y_source=1_MzAxMDI5MTktNjAxLWxvY2F0aW9uLndlYnNpdGU%3D,250-470-3058,
Kerr Wood Leidal Associates Ltd,http://www.kwl.ca/contact/,(250) 503-0841,
Keshiki Gardening & Greenhouse,,250-545-8220,
Kettle Valley Contractors Ltd,https://www.vernonvalleycontracting.com/contact,250-549-1805,
Kevin Acton - Lumby Massage,https://bloomwellnesscentre.ca/contact-us/,(250) 307-3132,
Kevin Breiter RMT,https://kevinbreiterrmt.ca/contact/,+1-250-307-8112,
Kids Corner Daycare,https://www.kidscornerdaycare.ca/contact-us,250-545-7303,
Kids Playable Therapy,https://kidsplayable.therabyte.app/contact,778 930 1079,
Kidspace Learning Centres,,778-442-0100,
Kiliad Industrial Ltd,,250-575-5310,
Kim Heizmann PREC*,,(250) 938-0995,
Kimberley K Hutton Inc,https://www.kkhcpa.ca/contact-us/,(778) 473-1355,
Kintec Footwear + Orthotics,https://www.kintec.net/locations/,(236) 600-9470,
Klimaxx Electric Ltd,,250-718-0421,
Klingler Construction,,250-801-7878,
KMF Industries Inc,,250-859-4721,
KMS Home Energy Upgrades,https://ionsystems.ca/contact,250-558-0076,
Knoll Debbie Royal LePage,,250-801-2333,
Koala Bear Daycare,,250-545-3315,
Koles Andrew M Dr,,250-542-5451,
Kortenbach Roy Royal LePage,https://www.vernonhomes.ca/,604-290-3523,
KPMG MSLP,https://kpmg.com/xx/en/misc/generic-contact-page.html,(250) 503-5300,
"Krista Ingram, ND",https://mycanadiannaturopath.ca/contact-us/,250-938-0498,
"Kristen Tranfield, Realtor",https://www.remax.ca/,250-878-1393,
"KSO Accounting Group, Chartered Professional Accountants, Kelcie Warren CPA, CGA, partner",https://ksogroup.ca/contact-us/,(778) 475-5788,
Ktown Kleenup Ltd,http://www.ktownkleenup.com/contact.html,250-540-5004,
Kuby Renewable Energy Ltd,https://kuby.ca/,(780) 340-5829,
Kunzy Kreations Inc- Social Media Managing And C onsulting,,250-212-5888,
Kura Digital,,(250) 878-4695,
Kutenai Clothing Company,https://www.kutenaiclothing.com/,(250) 352-0700,
KV Consulting Ltd,,604-839-2950,
L. Stanek Plumbing and Heating,,1-250-547-6244,
La Flor Studio,,7783634247,
La Rose Serenity Spa,,250-540-8090,
Lacey's Esthetics,,250-300-5578,
Ladies World Health & Fitness,https://worldhealthandfitness.ca/contact/,(250) 503-2363,
Lafarge Canada Inc,https://amrize.com/us/en/amrize-homepage.html,250 546 3163,
Laing Roofing,https://www.laingroofing.com/contact-us.html,250.765.3866,
Lake City Casino Vernon,,(250) 545-3505,
Lake Country Art Gallery,https://www.lakecountryartgallery.ca/,250-766-1299,
Lake Country Bookworks,https://suncountry.com/contact,778-363-3706,
Lake Country Charters,http://lakecountrycharters.com/contact,250-838-7034,
Lake Country Chiropractic Dr R A Kobayashi,https://lakecountrychiropractic.com/contact-us/,250-766-3155,
Lake Country Crane,https://www.lakecountrycrane.ca/contact-us,250-870-1609,
Lake Country Flowers,https://lakecountryflowers.com/,250-766-4257,
Lake Country Glass,,250-766-5678,
Lake Country Home Hardware Building Centre,,778-480-8030,
Lake Country Liquor Store,https://lakecountryliquorstore.com/contact/,250-766-1166,
Lake Country Log Homes,https://www.lakecountrylog.com/,1 877 554 8881,
Lake Country Massage,,250-681-0911,
Lake Country Motor Sports Ltd,,250-766-3939,
Lake Country Notary Services,,778-480-0900,
Lake Country Optometry,https://lakecountryoptometry.ca/service/contact-lens-exams/,250-766-4240,
Lake Country Spine And Wellness Clinic,https://lakecountryspineandwellness.com/contact-us,250-766-1300,
Lake Front RV Park,https://www.lakefrontrvpark.com/contact-us,236-600-1902,
Lakeshore Drywall Inc,https://www.constructiononline.com/,(250) 241-0044,
Lakeview Bookkeeping & Business Services,,250-869-5799,
Landing Plumbing & Heating,,250-542-3506,
Lara-Rose Duong,,250-938-7191,
Las Margaritas Coffee,,250 308 9443,
"Lasting Effects, Esthetics & Nail Salon",,(250) 260-1144,
Lavington Auto Repairs,https://www.lavingtonautoelectrical.com.au/contact,0260403033,
Lavish Hair Extensions,,250-718-1765,
Law Mechanical,,778-946-0622,
Lb Epoxy Flooring,https://www.lbepoxyflooring.ca/contact.html,250-938-3068,
Leah May - Mortgage Professional,,(250) 258-3085,
Ledgers,https://ledgers.com/contact,(250) 900-2357,
Leeper and Son's Line Painting,,250-540-4489,
Legacy Photography & Framing,https://www.legacypf.ca/contact-our-frame-shop-and-photography-studio,(250) 542-3010,
Legal Aid Society Vernon (and Salmon Arm),https://www.usa.gov/contact-us,250-545-3666,
Legend Landscapes,https://powdercanada.com/contact/,250-864-2234,
Lester's Hobbies,https://lesters-hobbies.edan.io/contact,+1 250-545-8884,
LetawskyWilson & Associates,http://www.letawskywilson.com/,(778) 943-1623,
Ley's RV Park & Farm,https://leyrvpark.com,250-878-7314,
Liberal Party of Canada Vernon-Lake Country-Monashee,https://liberal.ca/?new=www.northokanaganshuswap.liberal.ca,(250) 306-2627,
Liberty Tax Service,https://www.libertytax.ca/contact-us,(250) 260-1411,
Lifestyle Counselling Services,https://www.odynn.ca/contact,(250) 558-3323,
Limitless Equipment Services Inc,https://limitlessequipmentservices.com/contact,778 212 6017,
Lincoln Lanes,https://www.lincolnlanes.ca/,(250) 542-9837,
Lindsay Siedmann Real Estate,,250-938-8388,
Linquist Real Estate Appraisals,,604-937-7290,
Little Blue House RMT,,(250) 863-8052,
Little Caesars Pizza,https://littlecaesars.com/en-us/contact-us/,2505494646,
Little Darlings Family Daycare,https://help.care.com/families/s/?language=en_US,250-542-2075,
Little Nail Factory,https://belliata.ca/,1-250-547-2002,
Little Oak Learning Centre,https://littleoaklearningcentre.yourwebsitespace.com/contact.html,250-306-7641,
Little Pals Family Daycare,,250-309-6804,
Little Plum Boutique (former name),https://www.prettyplumboutique.com/,(778) 773-0893,
Live Life Physiotherapy and Acupuncture,,2505401262,
Livingwood Floors Inc,http://www.livingwoodfloors.com/contact-us,(250) 545-4900,
Lloyd Contracting,,1-250-547-9705,
Lloyd`S Roofing Ltd,https://www.callupcontact.com/,250-542-2937,
Lochaven Consulting,https://www.lochavenconsulting.com/,(250) 306-0573,
London Drugs 039 Vernon,,(250) 549-1551,
Long John's Pub,https://www.longjohnspub.com/,+1-250-549-2992,
Longhorn Pub,https://www.longhornvernon.ca/contact/,250-542-9222,
Loopy Lady,,250-766-4252,
Loredana Eisenhauer Inc,https://lei.nlchosting.com/contact-us/,(250) 860-8530,
Loreto Strata Management Ltd,https://loretosm.net/,(250) 306-9949,
Los Huesos Mexican Restaurant,https://www.loshuesosrestaurant.com/contact-us.html,(250) 275-4820,
Lotus Gardens,,250-558-3488,
Loughridge Mechanical,,250-307-3574,
Louisa Cochrane Personal Real Estate Corp.,,250-550-6561,
Love Is In The Hair,,250-317-8955,
Lowe Contracting Ltd,,250-862-7564,
Lucid Cannabis,https://lucidcannabis.ca/,7784753415,
Lucus Homes,,250 546 3642,
Lumby & District Wildlife Association,https://lumbywildlife.ca/,1-250-547-2377,
Lumby Circle K,https://www.circlek.com/contact,1-250-547-6329,
Lumby Esso,,1-250-372-4842,
Lumby IDA Pharmacy,https://lumbyidapharmacy.com/contact,1-250-547-2324,
Lumby Lions,https://lumbylions.ca/,1-250-547-2005,
Lumby Trail Tire,https://trailtire.com/contact-us/,1-250-547-2574,
Lunch Matters,,(250) 542-3814,
Lutcor Construction,https://vernonconstruction.com/contact/,587-990-9774,
Lutcor Homes Inc. Dba Lutcor Construction,,778-873-3876,
Lux Jewels,https://www.luxjewels.com/contact/,(604) 889-5227,
Lyle Doucette Real Estate Services,,250 309 1493,
Lynn's Vietnamese,https://lynnsvietnameserestaurant.weebly.com/contact.html,(250) 541-4823,
Lynx Earthworks Ltd,,250-558-2004,
Lyons Landscaping,https://www.lyonslandscaping.com/contact-us/,(250) 374-6942,
M&M Food Market,https://www.mmfoodmarket.com/contact-us,250-558-3961,
M.R. Contracting Inc,,250 307 0261,
M2systems inc,,(250) 766-7869,
Mabel Lake Resort & Marina,https://mabellakeresort.com/contact/,2508386234,
Mac Tools,,250-549-0898,
Mac's Convenience,https://kelowna.cioc.ca/,250.763.8008,
Macdonald Lakeshore Properties LP,https://www.shopkelownahomes.com/,(250) 575-7112,
Mackenzie Camp Society,,250 838 6293,
Mada Contracting,https://madacontracting.com/,250 415 8384,
Maddocks Contruction Ltd,https://www.maddocksconstruction.com/contact/,250 546 9551,
Madge Contracting Ltd,,250-766-1049,
Maela's Esthetics,,(250) 558-4949,
Magnetsigns Vernon - 0902660 BC Ltd,,(250) 260-3161,
Mahoroba Restaurant,,(250) 558-0893,
Maid Now,https://maidnow.ca/,250-550-5690,
Main Street Medical Clinic,https://mainstreetmedicalbuilding.com/contact,250-503-3911,
Mandi Irmen Art,https://www.mandiirmenart.ca/,(250) 260-0359,
Marble Slab Creamery,https://www.marbleslab.com/contact/,(778) 943-1943,
Marchand Welding Co. (Mobile),https://www.marchandwelding.com/,250 515 1055,
Margarieta's Restaurant,,250-546-6261,
Maria For Travel,https://my.dt.com/can/en,250-503-7990,
Maritime Travel,https://www.maritimetravel.ca/contact-us,250-542-2722,
Mark's,https://www.marks.com/en.html,250-542-2380,
Marks Wild Rides Towing,,250-552-4107,
Marlin Travel,,250-558-6183,
Martin Estate and Injury Law,https://martinestate.ca/wp-content/uploads/2018/10/contact.jpg,(778) 475-8444,
Martin Marjorie Royal LePage,https://www.penticton.ca/city-hall/contact-us,250-859-4324,
Mary's Doggie Daycare,,250-309-2745,
Mastops Claire,,250-549-1110,
Match Eatery And Public House - Vernon,,250-275-6049,
Matt Maclaren Exp Realty,,250-938-1899,
Maven Brands Inc,https://finance.yahoo.com/,250-275-6063,
Max Voets Coffee Roasting Ltd,http://www.voetscoffee.com/,(250) 549-2711,
Maxx Canada,https://www.maxx.ca/contact,1 877 438 6229,
Mccauley's Painting & Rénovation,https://www.1stdibs.com/contact/,250-540-8765,
McCullough Glenn Sundance Realty Group,,250-215-7653,
McDermott Dan Royal LePage,https://www.royallepage.ca/en/contact-us,250-718-4461,
McDonald's Restaurant of Canada Ltd.,https://www.mcdonalds.com/us/en-us/contact-us.html,(250) 545-6337,
McKale Enterprises,,250-558-0087,
McKinley Beach & Mezzo Homes,https://mckinleybeach.ca/contact/,778-480-3469,
Mcleery Ranch,,250 546 0420,
Mcleod Electric Ltd,,250 306 6626,
Mcleod Gordon Century 21,https://c21energy.com/contact-us,250-573-0001,
Mcleods By Products,https://www.mcleodsbp.com/contact,250 308 9081,
McNair Editing,http://mcnairediting.com/,250-542-7057,
McPheeters Criminal Defence,https://www.mcpheeters.ca/,778-930-2040,
Medicine Shoppe Pharmacy,,(778) 475-1010,
Meghan Nimegeers Landscape Design,,250-864-3873,
Meier's Building Products,https://goiguide.com/,250-545-5405,
"Mel Arnold, Member of Parliament",https://www.ourcommons.ca/en,2502605020,
"Member of Legislative Assembly for Vernon-Monashee, Harwinder Sandhu",https://harwindersandhu.bcndp.ca/,(250) 503-3600,
Memphis Hair Salon,,250-558-6565,
Mental Illness Family Support Centre,https://mentalhealthcommission.ca/contact-us/,(250) 260-3233,
Meridian Lawn & Garden Care,,250-550-5386,
Mertion Excavating Ltd,http://mertionexcavating.com/,250-541-1444,
Metal Roofing & Siding Experts Inc,https://www.splandidebiz.com/contact,250-503-2501,
Mezzo Market,https://www.mezzomarket.ca/,778-475-1819,
Mi Taqueria,https://www.vernontaqueria.com/,250-550-8154,
Michele Davies Mortgages,https://micheledaviesmortgages.ca/home-2552,(778) 220-8116,
"Michelle Cornish, CGA",,250-838-7728,
Michelle McEwen Rmt,https://michellemcewenrmt.janeapp.com/,778-683-1523,
Mickelson Family Chiropractic Corp,https://mickelsonchiropractic.com/contact-us/,250-503-5555,
Mid-Kam Installations Ltd,,250-542-8407,
Midknight Screen Printing & Embroidery,,250-546-9955,
MidWest Dental Hygiene Inc,https://www.midwestdental.ca/,2502414867,
Milano,https://www.milanoclothingcompany.com/contact,250-549-1688,
Milestones Counselling,https://www.psychologytoday.com/ca/therapists/natalie-turpin-penticton-bc/875168,250 487 9622,
Milford Financial Services Inc,https://www.localmint.com/,778-475-9115,
Ministry of Children & Family Development,,2505582700,
Mishki Photography,https://amierousselphotography.com/,250-870-3311,
MNP Debt - Licensed Insolvency Trustees Bankruptcy & Consumer Proposals,https://mnpdebt.ca/en/offices/vernon,250-542-0871,
MNP LLP,https://www.mnp.ca/,(778) 475-5678,
Modern Soul Studio,,778-215-8869,
Mojo Wine Tours Inc,,250-540-8687,
Monahan Management,https://www.valcoverentals.ca/,(250) 309-6601,
Monashee Dental,https://www.monasheedentalcentre.com/contact/,1-250-547-2104,
Monashee Garage Doors Ltd,https://monasheegaragedoors.ca/,(250) 241-3667,
Monat Independent Market Partner - Elisabeth Gra tz,,604-865-0337,
Money Mart,https://www.moneymart.ca/en/contact,+18003611407,
Montian Alexander Dr,https://www.finkrealestate.ca/contact.html,250-307-7917,
Moore Roofing,,250-938-5470,
Moore's Berry Farm,https://destinationlesstravel.com/contact,250 546 1160,
Moore's Well & Pump Service Ltd,https://www.iglobal.co:443/contact,250-558-6215,
Morgan Wealth Management,https://locator.nbc.ca/,250-260-4591,
Morgan's Glass Co Ltd,,236-599-0848,
Mortgage Architects,,250 306 9068,
Mother's Touch Daycare,,236-600-2986,
Motorcycle Mojo Magazine,https://motorcyclemojo.com/contact/,1-877-330-3737,
Mountain View Electric Ltd,,250-838-6455,
Mountain View Plumbing & Heating Ltd,https://enderby-bc.canadaplumberspot.com/contact,250-838-7079,
Moya Nova Spa Room,,250-575-0042,
Mp Mel Arnold,https://melarnoldmp.ca,1 800 665 5040,
Ms Budd Construction,,250-870-8701,
Mts Mobile Pressure Washing,https://www.mobilepressurewash.ca/contact,250 307 6301,
Muri Floral & Decor,,250 309 4281,
Murphy Battista LLP,https://www.murphybattista.com/contact/,250-549-1999,
Mussio Goodman Personal Injury Lawyers,https://mussiogoodman.com/contact/,778-506-2003,
Mustang Connection,,250 546 9805,
My Design Cafe,,778-760-3377,
Mystic Aqua Massage,,250-542-2939,
N. L. Clark Electric,https://www.gov.nl.ca/,778-212-5675,
Nadine's Fine Art and Frames,https://www.nadinesfineart.com/contact,(250) 542-8544,
Naked Pig BBQ,https://nakedpig.ca/contact-us/,250-718-0996,
Nalu Massage Therapy and Wellness,,778-480-6258,
NAPA AUTOPRO - Courtesy Motors Ltd,,250-542-9111,
National Money Mart,,(250) 541-0327,
Naturally Fit,,778-475-4133,
Nature Delivered,https://naturedelivered.ca/,(250) 463-3325,
Natures Fare,https://www.naturesfare.com/contact-us/,(250) 260-1117,
Nelson's Glass,https://www.nelsonsglassltd.ca/contact-us,250 546 8845,
New Century Produce Inc,https://www.newcenturyproduce.com/,250 546 0499,
New Era Roofing Solutions,,250-718-5719,
NextGen Automation,https://innov8.ca/contact-us/,(250) 491-9545,
NexusBC Community Resource Centre,http://nexusbc.ca/contact,(250) 545-0585,
Nicholas Alexander Home & Garden,https://nicholasalexander.com/contact/,(778) 212-1307,
Nicholls Denture Centre Inc,https://www.denturecentre.com/,(250) 549-1505,
Nick Vlahos Law,https://nvlaw.ca/,250-545-8001,
Nirvana Cabanas - Okanagan Lakeside Suites,http://www.okanaganlakesidesuites.com/contact.html,250-938-4811,
Nixon Wenger LLP,https://www.nixonwenger.com/contact/,(250) 542-5353,
"Noas Bookkeeping, Accounting & Tax Inc",https://www.noastax.ca/contact,250 545 3136,
Noelle Herrigan Registred Massage Therapist,https://www.salons10.com/contact,250-255-1309,
Nolan's Pharmasave,https://pharmasave.com/contact/,(250) 542-4181,
NONA Child Development Centre,https://nona-cdc.com/contact/,(250) 549-1281,
NOR Renovations Ltd,https://www.norrenovations.com/contact-us,250-558-1500,
Nor-Val Equipment Sales,,1-844-521-1714,
Nor-West Fitness,,250-558-4623,
"Norm Holt, CPA",https://www.canadapages.com/,(250) 275-8093,
Normans Diner,https://normansdiner.com/contact,778-480-6707,
Nors Construction Equipment Canada GW Vernon,http://gwequipmentused.com/,250-549-4232,
North Enderby Design & Construction,,250-307-4718,
North Okanagan Closet Specialists Ltd,https://www.northokanaganclosets.com/contact/,(250) 542-1313,
North Okanagan Consulting,,(250) 938-5136,
North Okanagan Development Corp,https://communityfutures.com/contact/,250-503-3770,
North Okanagan Electrical,https://sebselectricalservices.ca/,250-550-9660,
North Okanagan Hospice Society,https://nohs.ca/contact/,(250) 503-1800,
North Okanagan Paint and Window Coverings,https://www.northokanaganpaint.ca/,(250) 542-1444,
North Okanagan Plumbing & Heating,https://tnjplumbing.ca/contact/,250 546 6070,
North Okanagan Roofing,,250-546-1969,
North Okanagan Valley Gleaners Society,https://novgleaners.org/,(250) 549-1123,
North Okanagan Youth and Family Services Society,,(250) 545-3572,
North Okanagan Youth Soccer Association,https://www.vernonsoccer.ca/,(250) 545-5808,
North Valley Gymnastics Society,https://www.nvgym.com/get-in-touch,(250) 558-5136,
North Valley Law,,778-442-5181,
Northend Spine & Sports Physical Therapy & Massage Therapy,https://spineandsportsvernon.com/contact-us/,250-545-6030,
Northern N B Real Estate Board,,506-548-4002,
Northern Reflections,https://www.northernreflections.com/contact-us/,250-549-1844,
NOS BJJ & MMA,https://www.shuswapbjj.com/,2508049262,
Nova Vision Construction Ltd.,,250-979-8926,
Nu-Look HomeWorks,http://nulookhomeworks.ca/contact.html,250-309-0435,
Nufloors,,250-545-3206,
Nufloors Vernon Outlet,https://nufloors.ca/contact,778-943-2474,
O'Callaghan Bilodeau Chartered Professional Accountants,https://ocbi.ca/,(250) 545-5301,
O'Keefe 3% Realty,https://okeefe3.com/contact,(250) 545-9039,
O'Keefe Roderick Macdonald Realty,,250-863-4889,
OBC Automotive Ltd,,250-545-3378,
Oceola Landing Lake Country,,250-609-0488,
Octo Landscape & Maintenance,,250-549-4587,
Odeem Exteriors,https://odeemexteriors.com/,250-308-2059,
Odette's Skin Laser Wellness Clinic,https://odettesskincare.com/contact/,250-765-7892,
OHKIM Sushi & Grill,https://ohkimsushi.com/,250-308-8589,
OK EV,https://www.okev.ca/contactus,778-943-2893,
Ok Frozen Dough,,250 546 0311,
Ok Patio Cafe,https://www.okpatiocafe.com/contact.php,250-863-5536,
OK Tire & Auto Service (L&C Vernon),https://www.oktire.com/support/contact/,(250) 545-0547,
Okanagan Aggregates Ltd,https://okanaganaggregates.com/contact-us/,250 546 3088,
Okanagan Beverage Co,,(250) 550-8885,
Okanagan Clinical Trials,https://okclinical.com/contact-us/,(250) 862-8141,
Okanagan College,https://www.okanagancollege.ca/contact-us,(250) 545-7291,
Okanagan Custom Trucks,https://okanagantruck.com/,+1-236-426-0990,
Okanagan Danger Tree Removal,,250 540 0948,
Okanagan Diesel Injection Ltd,,250-549-2101,
Okanagan Door & Window,,250-542-1294,
Okanagan DrainRight,https://drainright.ca/,778-475-5564,
Okanagan Eatery,,250-541-0457,
Okanagan Escape Rentals,https://www.outbacklakeside.com/,(250) 938-0744,
Okanagan Feldenkrais,https://www.slideshare.net/contact,(250) 550-4599,
Okanagan Glass,https://www.okanaganglass.com/contact/,250-542-3030,
Okanagan Grown Produce Ltd,https://okanagangrown.com/,(250)545-0694,
Okanagan Holiday Suites,,250-878-4981,
Okanagan Integrated Design,,(778) 212-2726,
Okanagan Integrated Network Services Inc,https://oins.ca/contact.html,(250) 260-4444,
Okanagan Leisure Rentals,https://okanaganleisure.com/book-now,250-258-6772,
Okanagan Love Relationships Counselling,,(250) 309-7055,
Okanagan Magic Snacks,https://traveliciouscouple.com/,(250) 550-4872,
Okanagan Market Place,,778 474 2233,
Okanagan Naturals,https://thegoldenplumber.com/,250-558-4252,
Okanagan Office Systems,http://okanaganofficesystems.com/contact-us/,(250) 762-7722,
Okanagan Personal Estate Services Ltd.,https://www.okanaganpersonalestateservices.ca/contact.html,604-897-3155,
Okanagan Precision Painting,https://www.okanagancustomcoatings.com/,250-766-7905,
Okanagan Prewire Ltd,,(250) 542-9932,
Okanagan Property Services & Storage,https://www.opsvernon.ca/contact,(250) 351-5343,
Okanagan Restoration Services,http://www.okrestore.com/contact/,(250) 542-3470,
Okanagan Rhythmic Gymnastics Club,,(250) 558-3092,
Okanagan Royal Park Inn,,236-426-3500,
Okanagan Science Centre,https://okscience.ca/,(250) 545-3644,
Okanagan Shuswap Sheep Producers' Association,https://okanaganshuswapsheep.ca/,250.328.9059,
Okanagan Skate Company,https://www.okanaganskate.com,(236) 426-2939,
Okanagan Spirits Inc,https://okanaganspirits.com/pages/contact,(250) 549-3120,
Okanagan Sundeck Centre,,+12507667320,
Okanagan Synergy Health & Wellness,https://okanagansyne1318.clinicsites.co:443/contact,778-475-0322,
Okanagan Test Rite,http://okanagantestrite.com/contact/,(250) 545-5951,
Okanagan Traffic Control Professionals Inc,https://okanagantrafficcontrol.wordpress.com/,250 546 8017,
Okanagan Village Housing Society,https://okvillage.ca/contact,(250) 545-6475,
Okanagan's Best Homes Inspection,https://daylightinspect.ca/contact,250-558-8150,
Okanogan Valley College of Massage Therapy,,250-541-1195,
Okgn-Property & Rv Maintenance,,778 908 1480,
Okhomeseller.com,,250-545-2383,
Olympia Cycle and Ski,https://www.cycleandski.com/,250-542-9662,
Om Naturale,https://www.omnaturale.ca/,250 546 0545,
Omar's Variety and Discount Store,,(250) 503-5501,
OnaCanvas,,250-803-1416,
Once Upon a Child,https://onceuponachild.com/locations/vernon-bc/,(778) 475-1517,
One Stop Automotive Repairs,https://www.armstrongautorepair.com/contact-us/,250 546 8690,
Online Product Photography Studio,,250-306-5699,
"Oopsie Daisy Flowers, Gifts and Baskets",https://www.vernonflowers.ca/site_map.php,(250) 545-0379,
Opa! of Greece,https://opaofgreece.com/contact-opa,778-475-6166,
Opal Resources Canada Inc,https://www.opalscanada.com/,250-542-5173,
Optical in Real Canadian Superstore,https://www.theodoreandpringle.ca/,250-550-2347,
Orchard Valley Retirement Residence,,(250) 545-0455,
Organic BC (Certified Organic Associations of BC),https://organicbc.org/contact-us/,(250) 260-4429,
Organic Skincare Studio & Shop,https://www.acompio.ca/,7788486849,
Oryana Grant,https://www.appointmentfind.com/contact,250-503-8808,
Outback Electric,,(250) 306-7277,
Outdoor Star Cinema,https://www.frontrowcentre.com/contact,2507183223,
Overlander Golf & Event Center,https://royalyorkgolfclub.com/,250 546 9700,
Overseas Roofingltd.,,778-890-3590,
Oxygen Yoga & Fitness Vernon Inc,https://oxygenyogaandfitness.com/contact-chilliwack/,(250) 556-9642,
Oyama Lake Eco Lodge,https://oyamalake.com/,250-862-1013,
Oyama Services,,250-862-6369,
Oyama Zipline,https://oyamazipline.com/contact-us/,18889472869,
Pacific Agricultural Certification Society,https://pacscertifiedorganic.ca/forms/contact-us,(250) 558-7927,
Pacific Coastal Airlines,,(800) 663-2872,
Pacific Sky Log Homes,,236-426-3107,
Pacific Top Team Jiu-Jitsu,https://www.pttvernon.com/,250-540-3473,
Padgett Business Services,https://www.padgettadvisors.com/,(250) 545-3007,
Pagoda Inn Restaurant,,1-250-547-9724,
Palette Tattoo,,778 442 5225,
Pallino's,,250-503-3405,
Pampered Pooch Barkery,,250-838-5882,
Pane Vino Pizzeria,,250-317-1435,
Panorama Veterinary Services,http://www.panoramavet.com/contact/,250-766-4310,
Papa Johns Pizza,https://www.papajohns.com/contact,250-379-2414,
Papito's Pizza,https://papitospizza.ca/contact,+1-250-766-3464,
Paradise Inn & Vacation Homes,https://paradisevacationhomes.ca/,250-503-1506,
Park Place Garage of Kelowna,https://www.parkplacegarage.net/contact,778-402-7760,
Parkwood Retirement Resort,https://cogirseniorliving.ca/contact-us,(250) 558-0232,
Parnell's Appliance,https://www.parnells.ca/,(250) 542-6998,
Partners in Brine Seafood,https://www.partnersinbrine.com/contact-us,1-250-442-9679,
Passive Remediation Systems Ltd,,250 306 6377,
Past Forward Fashions and Lingerie,https://escapades-lointaines.fr/contact/,(250) 309-9961,
"Pathfinder Project Services, LTD.",,250-938-2002,
"Patricia Paterson, Chartered Professional Accountant",,250 546 4014,
Paul Harvey Landscaping,https://local.infobel.ca/,250-306-4719,
Paula Milne Rmt,https://paulamilnermt.janeapp.com/,250-540-8825,
Paw Street Market,https://www.pawstreetmarket.com/,(250) 558-7933,
Payworks On-Line Payroll Service,https://www.payworks.ca/contact,(250) 868-1488,
Peacock and Lime Hair & Esthetics Studio,https://www.bestprosintown.com/contact.php,(778) 475-1070,
Pearle Vision,https://www.pearlevision.com/en-us/,250-545-2391,
Pearson Stewart Re/Max,https://www.remax.ca/,250-308-9760,
Pedego Electric Bikes,https://pedegoelectricbikes.ca/contact/,888-777-2066,
Penningtons,,250-558-4182,
Peoples Jewellers,https://www.peoplesjewellers.com/customer-service,250-545-4418,
Performance Hoist,https://www.performancehoist.ca/contact/,778-473-9353,
Peter's U-Pick,https://petersupick.com/contact.html,250-306-9600,
Petro-Canada,https://www.gasbuddy.com/,+1-250-542-0785,
Petro-Canada  (7-11),,250 546 2188,
Phi Factor Farm S,,205 503 3039,
Phoenix Roofing,https://www.roofinginvernon.com/contact-us/,250-938-8665,
Phoenix Western Business Development,,778-475-6061,
Pier Mac Sand & Gravel,https://piermac.ca/contact-us/,250-765-3155,
Pillar Lake Resort,https://www.pillarlake.com/contact,250-379-2623,
Pinecrest Construction Ltd,https://www.pinecrestconstruction.net/contact,250-549-0297,
Pink Pumpkin Farmstay,,250 212 9025,
Pinnacle Earthworks,,250-541-2814,
Pinnacle General Surgery Clinic,https://www.pinnaclegeneralsurgery.com/forhealthcareproviders,(250) 545-6443,
Pipe Piper Plumbing,,250-212-0232,
Piscine Energetics Inc,https://www.mysis.com/,(778) 475-0082,
Pizza Hut,https://www.pizzahut.ca/contact,250-766-0300,
Planet Bee Honey Farm Tours & Gifts,https://planetbee.com/,(250) 542-8088,
Planet Fitness,,(475) 342-8587,
Plato's Closet Vernon (1540070 BC Ltd.),,(250) 869-5124,
Play It Again Sports - Vernon,https://playitagainsports.com/contact-us/,1-236-201-3400,
Pleasant Valley Construction,,250 308 9940,
Pleasant Valley Dental,https://www.pleasantvalleydental.ca/site/contact-vernon-dentist?utm_source=G&utm_medium=LPM&utm_campaign=DentalCorp,250-558-4222,
Pleasant Valley Health Centre,https://www.interiorhealth.ca/contact,250 546 4700,
Pleasant Valley Massage Therapy,,250-260-3332,
Pleasant Valley Quilting,,250 546 0003,
Plein De Vie Jewelry,https://www.hagemannsjewellery.com/contact/,403-831-2569,
Pocket Garden Nursery,https://www.bamboogarden.com/,1-866-766-5521,
Pocket Grandson,https://pocketgrandson.com/,(250) 351-7411,
Podolski Karl,https://prohands.ca/,250-545-9594,
Polaris Fitness,,250-307-3207,
PolyGuard Concrete Coatings,https://polyguard.ca/contact,250-307-3694,
Pop Mode Board Supply,https://www.popmode.ca/contact-us,2505420191,
Popeyes Louisiana Kitchen,https://www.popeyeschicken.ca/contact,236-426-0021,
Poppy's Closet Canada,,250-542-5060,
Poschwatta Law Office,,250-838-0726,
PostNet 112,https://www.postnet.ca/contact/,(236) 426-1313,
Pranic Forest Artisan Apothecary (closed fall 2024),,2364260666,
Pratophoto,https://www.pratophoto.ca/contact,250 309 0129,
Precision Electric Motor and Pump Service Ltd,https://bc.biass.ca/,(250) 545-6315,
Predator Ridge Resort,,(250) 542-3436,
President's Choice Financial Pavilion and ATM,https://www.pcfinancial.ca/en/contact-us/,1-866-246-7262,
Prestige Home Painting Ltd,,250 309 9465,
Primerica,https://www.primericacanada.com/,250 308 9877,
Primrose Roofing Ltd,,250-379-2544,
Printech Printing Corp,,(250) 542-2272,
Pro Ex Services Ltd,http://www.proexservices.ca/,778-480-5590,
Probyn Motors,https://www.probynmotors.com/contact,250-542-5743,
Procalibre Renovations Inc,https://www.procalibre.ca/,306-203-9625,
Professional Touch Janitorial,,778-212-0600,
"Progression Muscle, Bone and Joint Clinic",,(250) 549-2552,
Progressive Automotive Ltd,https://preferredmechanic.ca/contact-us,250-542-4099,
Project Causeway Impact Solutions Inc,,(250) 938-8311,
ProSew Exterior Window Shades & RV Skirting,https://prosew.ca/,250-545-3671,
Provenance Massage Therapy & Holistic Health Inc,https://provenancehealth.ca/contact/,250-541-9873,
PRT-Armstrong Nursery,http://www.prtgroup.com/,250-546-6713,
Pryce Landscape Products,https://www.prycelandscapeproducts.com/,(250) 542-7520,
Puff Vape Shop,https://calgaryvapestore.ca,250 307 0682,
Pure (Honey),https://www.purearmstrong.ca/contact.html,250 938 3605,
Pure Energy Electric,,250-938-2977,
Purple Horizon Roofing,,250-306-0049,
Purple Springs Nursery,,1 877 289 3813,
Pursuit Fitness,,250-317-3508,
Purvin-Good & Co,https://www.canadalegal.info/,250-766-0600,
Pv Blvd Coffee Ltd,,250 241 7085,
Quaint Hair Design,,778-480-0774,
Qualicare Home Care,https://qualicare.com/contact-our-caregiver-agency/,(250) 293-0773,
Quality Inn and Suites,,(250) 542-4434,
Quantum Power & Communications Inc,https://www.quantumpower.ca/contact/,250-307-4003,
Queen B's Landscaping,https://grandsonslandscaping.com/,778-932-1800,
Quilakwa RV Park,https://www.quilakwarvpark.com/rv-campground,(250) 838-2022,
Quintet Ventures Inc,https://nwmusicarchives.com/contact-us/,250-545-0444,
R & D Mechanical,,250-938-3782,
R&G Mechanical Contractors,,250-317-8438,
R+A Engineering Ltd,https://www.raengineering.ca/,(250) 542-1357,
R. Coombs Construction LTD,,1-250-260-0086,
R.A.P. Welding,,1-250-547-9789,
R.E. Postill & Sons Ltd,https://repostill.com/contact,(250) 545-5008,
R.L.Clark Electric,,250-542-8272,
R.T. Customizing,https://www.dopaminestrength.com/contact,250 546 6617,
Radford Claire Macdonald Realty,,250-309-3938,
Rags To Shine,https://www.redtopfootwear.com/contact-us,780-217-6393,
Raku Rice and Noodle Bar,https://www.rakuriceandnoodlebar.com/,(236) 426-1212,
Ram's Horn Plumbing,,250-309-1316,
Randy Rauck,https://rauck.ca/contact/,1-250-307-7553,
Randy Wilson,,778-475-5558,
Rapid Span Precast,https://rapidspan.com/contact,250 546 9676,
Ratio Coffee & Pastry,https://www.ratiocoffee.ca,(250) 545-9800,
Raven & Rook Media Inc,https://ravenandrookmedia.com/,(403) 217-5166,
Raven Business Services,https://ravenbusinessservices.com/contact/,(778) 561-0470,
RBC Dominion Securities Inc,https://www.rbc.com/contact-us.html,(250) 549-4050,
RBC Financial Group,https://www.rbcwealthmanagement.com/en-ca/,(250) 558-4336,
Rci Solutions,,250-826-8699,
RD's Office Services,,2505583571,
RE/MAX,,250-838-0025,
Re/Max - Priscilla Sookarow,https://www.remax.ca/,(250) 549-7050,
Re/Max Armstrong,,250 546 4487,
Re/Max Vernon,https://newlistings-vernon.com/contact.html,(250) 549-4161,
RE/MAX Vernon Salt Fowler,,(250) 549-7258,
REA Financial Services Inc,https://svgfsa.com/,(250) 545-3336,
Read Head Studio,https://www.readheadstudio.com/contact-us,(250) 540-3041,
Real Canadian Wholesale Club,https://www.wholesaleclub.ca/en/contact,(250) 260-4551,
Realstar Management,https://www.realstar.ca/contactus,250-878-7700,
Rebecca Todd Registered Massage Therapist,https://accounts.janeapp.com/lookup,250-306-0650,
Red Basket Store,https://www.bramblebushfloral.com/,(250) 545-7263,
Red Dog Glass Studio,,1-250-547-0020,
Red Roof Family Farm,https://www.youcanteatthegrass.com/,+12508683955,
Red Shed Farm Designs & Gifts,,250 674 1122,
Red Tomato Pies,https://www.redtomatopies.com/contact,(236) 426-1234,
Redline Recreation,https://www.redlinerecreation.ca/contact-us/,250 546 8872,
Reflections Cleaning Agency,https://girlsgonegreen.ca/contact/,250-309-4085,
Reflections Hair & Esthetics Studio,,(250) 545-7988,
Regehr Family Dental,https://regehrfamilydental.com/contact/,236-499-1180,
Region 8 Electric Ltd,https://region8electric.ca/contact,250-309-0049,
Reion Accounting,https://www.crowe.com/ca/crowemackay/insights/news-stories/reion-merges-with-crowe,2505451544,
Reitmans,https://www.reitmans.com/,250-260-2640,
Reliance Plumbing & Heating,https://www.americanstandardair.com/contact-us/,236-599-0834,
Remax Commercial Solutions,https://www.remax.ca/,2505425313,
Remax Enderby Co,,250-838-9938,
Reneez Salon,https://www.baysider.com/,250-503-6489,
Rennie Equipment,,1-250-547-6399,
Renovations By Patrick,,250-540-0539,
Repair Express,https://repairexpress.com/contact/,2502754761,
Reset Physiotherapy & Rehab,https://www.resetphysiotherapy.ca/,250-540-9514,
RGH Renovations,,250-878-4609,
RGR Accounting Rx Inc,https://accounting-rx.com/,(250) 944-1110,
Rich Tea,https://www.richtea.ca/contact-us,778-943-1631,
Richbuilt Homes Ltd,http://richbuilt.ca/,(250) 549-8852,
Ricks Painting,,250-801-0508,
Ridge Star Wellness,,639-999-6500,
Ringo-En Orchards,http://www.ringo-enorchards.com/,250-545-1610,
Risan Construction Inc.,https://risanconstruction.com/,250-801-6124,
Rivard L.E. and Associates (Moved out of BIA),https://www.ghacks.net/contact-microsoft-office-365-support/,(250) 545-3278,
River Citi Roofing,,250-545-5067,
River Road Management & Marketing,https://riverroadmm.ca/contact/,587 888 9503,
Rmc Systems Ltd,https://rmcsystemsltd.com/,250 803 1575,
Robert A Clarke,https://www.192.com/,250-558-0300,
Robert Moffat Trial Lawyer,https://www.validlaw.org/contact,(250) 542-1312,
Roberta L. Jordan,https://robertajordan.ca/,250-545-0333,
Robin Cardew - Robin Cardew CPA Chartered Professional Accountant,http://vernonaccountant.ca/contact/,(250) 550-5719,
Rock Garden Climbing Centre,https://www.climbthegarden.com/,236-426-3333,
Rockridge Real Estate Co Ltd,https://rockridge.ca/contact.html,250-260-3116,
Rocky Summit Contracting,,778-214-4137,
Roderick O'Keefe - O'Keefe 3 Percent Realty Inc.,,1-877-509-9009,
Roel Van De Crommenacker Realtor,,778-930-0901,
Roga Contracting Ltd,https://roga.ca/contact,250-542-2345,
Roland Construction,,6043381081,
Romei Plummer LLP,https://www.rpllp.ca/,1-250-542-1336,
RONA Inc,https://www.rona.ca/en,(250) 545-3332,
Roof Centre,https://roofcentre.com/contact/,250-545-6224,
Roost Solar,https://www.roostsolar.com/contact-us,(250) 307-5042,
Roots 88 Hairstyling,,250-542-2251,
Rosalinda's Filipino Kitchen,https://www.waivio.com/contact,(778) 475-6090,
Rose Family Orchard,,250-801-1273,
Rose Pilates and Fitness,,250-540-0677,
Rose Valley Family Dentistry,,250 546 2500,
Ross Jewell,https://www.jewelrystorescanada.com/contact,250-503-3123,
Ross Wightman Realty Kelowna,,778-215-7677,
"Rossworn Henderson, Llp",https://www.rhllp.ca/contact-us/,250 546 8665,
Rotech Motors Ltd,,236-600-0137,
Rouck Bros Sawmill,https://www.rouckbros.com/contact,1-250-547-6619,
Royal Canadian Mounted Police,https://www.rcmp.ca/selection?destination=/contact,250 546 3028,
Royal LePage Downtown Realty,https://downtownrealty.royallepage.ca/,(250) 545-5371,
Royal Lepage Downtown Realty Armstrong,https://www.royallepage.ca/en/contact-us,250 546 8791,
Royal Lepage Westbank,,250-766-3300,
Rp Plumbing & Gas Inc,,604 351 9145,
Rpk Sheet Metal & Exteriors,https://www.bark.com/en/ca/,778-791-5193,
Rpm Contracting,,250-547-9707,
RPM Tree Movers/Spade,https://www.treemover.com/contact/,250-503-8168,
RT Ranch Sausage And Custom Cutting,https://www.huntingbc.ca/,250-306-0064,
Rumorz Barber Nails Spa,,778 442 5220,
Russell N. Shortt Land Surveys Ltd,https://www.jrshortt.ca/,(250) 545-0511,
Rusticana Rentals,https://rusticanarentals.com/,604 551 0411,
Rusty Spur Farm Feed & Pet (formerly Briteland),https://www.castanetkamloops.net/contactus/,(250) 545-3420,
Ruth Frisby,,250-309-2760,
Ryan K Dentistry,,778-475-8810,
S.F Painting Ltd,,403-478-3100,
Sacred Body Wellness Centre,https://www.backandbody.ca/contact-us/,778-475-1720,
Saddle Up Magazine,https://saddleup.ca/contacts/,1 866 546 9922,
Safari Studio Limtied,,250-545-4217,
Safeway,,+1-250-542-2627,
Sage Dental Hygiene,,(250) 241-7243,
Sage Executive Group Real Estate,,778-480-5003,
Sally Beauty,https://stores.sallybeauty.com/,+1-866-234-9442,
Salvation Army Vernon,https://vernonhouseofhope.com,(250) 549-4111,
Sandman Hotel,,(250) 542-4325,
Sands & Associates Inc,https://www.sands-trustee.com/,1-800-661-3030,
Sandys (Okanagan) Collision Repairs Ltd,,250-542-9500,
Sans Equal Dog Grooming,,250-766-1066,
Saori's Beauty Bar - Lake Country,,250-808-7900,
Sarah Doan Canine Breeding Professional,,778-443-8033,
Sarahtonin Therapy,https://www.trendyholmcreations.com/,250-878-7236,
Save On Foods,,(250) 542-8825,
Savoy Equipment Ltd,https://savoyequipment.com/contact/,(250) 545-0627,
Sawmill Grove Woodworking,https://www.sawmillgrove.ca/,2505483239,
Scattered Goods,,(250) 549-2504,
Schafer Tammy Sundance Realty Group,https://chrisdocksteader.com/contact.html,250-470-8006,
Schell Motel,,250-545-1351,
Scotiabank,https://www.openinghours.ca/,1-250-547-7821,
Scotland Homes,,250 308 9335,
Scott Latwat,https://www.angellhasman.ca/contact,250-540-8891,
Scrubbies Cleaning Services Ltd,http://www.scrubbies.com/,1-866-563-1730,
Scv Contractors Corp,,250 546 3313,
Seasons Okanagan Design and Build Ltd,https://seasonsok.ca/contact/,(250) 307-7524,
Second Glance Hair Design,,250-546-8846,
Secure-Rite Mobile Storage,https://www.secure-rite.com/contact/,(250) 861-3955,
Securiguard,https://www.securiguard.com/contact/,(604) 685-6011,
SEDLICK HOLDINGS,https://www.connecthearing.ca/contact/,(250) 542-1686,
See You Later Alligator Kids Care,,250-938-4464,
Seed Computers,https://www.seedcomputers.ca/contact-us,250 540 4268,
Semko Contracting Ltd,https://semkocontracting.com/wordpress/,250-308-1907,
Senad Sijercic Notary Public,https://www.senadnotarypublic.ca/contact-us,250 546 9797,
Senger Manufacturing,,250 546 6166,
Sensations Skin Body Care & Electrolysis,https://www.sensationsskincare.ca/contact-us.html,250-549-5059,
Service Canada,,2505414006,
Service Quality Measurement Group Inc,https://imagemeasurement.online/contact,250-260-1517,
Sgr Vernon Contracting,https://maps.apple.com/,236-426-1885,
Shades Hair Design,,250-260-1116,
Shahi Pakwan,https://shaipakwan.ca/,236-426-2627,
Share Real Estate,,250-469-1070,
Sharma Restaurants Holding Inc,,778-475-0080,
Sharon Noble Wealth Management,https://emrabc.ca/contact/,(250) 545-6787,
Shaver Mountain Contracting,https://shavermountain.ca/contact/,250 309 3024,
Shear Dimensions Hair Design,,(250) 549-5201,
Shell,,+1-250-545-6698,
Sherpa Group Events-Management-Production,https://www.sherpagroup.ca/contact-us/,(604) 314-3685,
Sherri Baker Elevate Yourself,https://www.ama-assn.org/form/contact-us,250-718-1238,
"Shez Henna Art, Eyebrow Threading And Party Make up",https://www.ipsy.com:443/,778-363-0331,
Shine The Salon,,250-766-6707,
Shockproof Electric Ltd,,250-212-1420,
Shoot & Shutter,https://www.drahtphotography.com/contact/,204-461-3196,
Shop First Nations,https://shopfirstnations.com/contact-us/,(250) 300-9902,
Shoppers Drug Mart,,(250) 542-3371,
Shuler Robert B,https://www.accountants.bz/contact,250-545-1778,
Shuswap Massage Practitioner,,250-999-0945,
Siam Orchid Restaurant,,778-475-5545,
Sicamous Park Estates,https://www.deerrunestatesmhp.com/contact,250-558-1097,
Sid Hutchinson REMAX Vernon,https://www.remax.ca/,250-558-8728,
Sierra Mortgage Fund Ltd,,(250) 558-1111,
Sign-Doc Signs & Coating,https://www.docusign.com/,250-558-3660,
Signature Siding,https://signaturesiding.ca/,250-306-2412,
Silhouette Fashion Boutique,,250-546-3096,
Silver Star Animal Care Clinic,https://silverstaranimalcare.com/contact/,(778) 475-9400,
Silver Star Bed & Breakfast,,250-938-3838,
Silver Star Brewing,https://untappd.com/,(778) 475-5115,
Silver Star Car Wash,https://silverstarcarwash.ca/contact-us/,250-558-1142,
Silver Star Liquor Store,https://www.silverstarliquorstore.ca/,250-558-3934,
Silver Star Stays,https://silverstarstays.com/contact,1-250-540-7112,
Silverstar Flat Roofing & Sheetmetal,,778-215-8550,
SilverStar Mountain Resort,http://www.skisilverstar.com/contact-us/,(250) 542-0224,
Simmons Law,https://www.csimmonslaw.ca/,(250) 540-1432,
Simon's Coins Ltd,,(778) 538-1522,
Simply Delicious Natural & Gourmet Market,,(250) 542-7500,
Sir Weld A Lot,,250-838-0027,
Sir Winston's Neighbourhood Pub,https://www.sirwinstons.ca/contact/,(250) 549-3485,
Sisco Construction & Renovation,https://www.osha.gov/contactus,250-938-7366,
Sisters Restaurant,,1-250-547-2552,
Sisters Studio,,778-594-1994,
Sitara Animal Hospital,https://www.sitaraanimalhospital.com/,778-480-6274,
Siwoski Dental,https://toothdoc.ca/contact,250-541-7373,
Sko and Boot,https://www.skoandboot.com/,(236) 873-4104,
Sky Ridge Construction Ltd,https://network.procore.com/,250-558-9759,
Sladen Moore LLP,https://www.sladenmoore.com/contact-us,(250) 545-0754,
Slattery Services,https://slatteryhandymanservices.godaddysites.com/,(250) 540-6417,
Smart & Associates,https://smartcpa.ca/contact-us,(250) 542-4496,
Smith Alix Royal LePage,https://www.alixsmith.com/contact,250-869-5144,
Smooth Effects,https://smootheffectsvernon.ca/,2505582966,
Snac Shac,https://okanaganedge.net/contact-us/,1-250-547-6169,
Snax! Vending Service,https://www.snaxvending.ca/,(250) 351-7001,
Snipz Grooming Studio,https://shelbygrooming.ru/,250-308-9255,
Soapolallie Soapworks,https://soapw.com/,250 517 0527,
Sobr Market Vernon,https://www.thesobrmarket.com/,(250) 540-3025,
Social Planning Council for the North Okanagan,https://socialplanning.ca/contact/,(250) 540-8572,
Sokolowski Walter Dr,,250-766-3944,
Solera Cafe,https://www.menuxp.com/contact-us,250-547-2068,
Soleway Cheryl Royal Lepage,,250-308-8093,
Soona Studio,,(250) 351-6659,
SOS Labour Leasing,https://www.depkes.org/,778-940-0287,
South End Spine and Sports Physical Therapy and Chiropractic,https://southendspineandsports.com/,(250) 558-9998,
Spa Hills Compost,,(250) 833-2507,
Spallumcheen Golf & Country Club,https://spallumcheengolf.com/contact-us/,(250) 545-5824,
Spallumcheen Masonic Lodge #13,,250 938 3540,
Spallumcheen Storage Centre,https://www.spallstorage.com/contact/,250 546 3383,
Sparkle Time Cleaning Service,,778-212-6924,
Sparks Valley Ventures Ltd,,778-442-4545,
Sparrow Grass Field & Flower,https://www.sparrowgrassfieldandflower.com/contact,250 308 7660,
Spartan Contracting,https://www.spartancc.com/contact,250-801-4182,
Speedpro Signs,https://uihosting.com/parked/,(250) 545-2828,
Speedy Plumbing & Heating,,250-542-1902,
Spinners Sound Center,https://www.ebay.ca/,(778) 475-3180,
Spinners Sound Centre,http://www.spinnerssound.ca/,(250) 318-8102,
Spion Chiropractic + Rehab,https://spionchiropractic.com/,250-870-2372,
Spiritleaf,https://spiritleaf.ca/collections/spiritleaf-vernon,(236) 426-2230,
Splashes Bath & Kitchen,https://splashes.com/pages/contact,250-545-1381,
Splatsin Tsm7aksaltn (Splatsin Teaching Centre) Society,https://splatsin.ca/contact-us,(250) 838-6404,
Spyce Delivery,https://www.spyce.ca/contact,250 615 1626,
SQM Group Inc,https://www.sqmgroup.com/company/contact-sqm,1-800-446-2095,
Sri Homes Inc,,250-766-0457,
Staples Business Depot,https://stores.staples.ca/,(250) 503-3300,
Star Window Cleaning,https://starwindowcleaning.ca/,250-549-2234,
Starbucks,https://www.starbucks.ca/,250 483 5773,
Starlight Drive-In,https://www.starlightdrivein.ca/,250-838-6757,
State Of View,,1 604 345 8902,
Station BBQ,https://www.stationbbq.com/contact,(250) 260-6677,
Status Nightclub,http://new.statusvernon.com,(236) 426-1565,
Stephanie Sexsmith PREC Fair Realty,https://beyondrealestatesales.com/contact.html,1-250-306-0113,
Stepwise Immigration,,587-887-8292,
Steve Braun Coaching & Counselling,https://www.stevebraun.org/contact,(778) 932-1978,
Steve's Auto Parts,https://www.stevesusedautoparts.ca/,250 546 8001,
Steven M Brandner,,1-800-620-0900,
Stevenson Mechanical,https://www.stevensonmechanical.ca/,(250) 542-7700,
Stiletto Hair By Sarah,https://www.stilettoinlakecountry.ca/,604-615-7059,
Stix Property Inspections,https://www.stixpropertyinspections.com/,(778) 581-7849,
STK Synthetic Turf Kelowna Inc,http://kelownasyntheticturf.ca/contact-us/,(250) 215-9033,
Stor-it Place (The),https://thestoritplace.com/contact-us-2/,(250) 545-1000,
Strativity Workspace,https://strativity.ca,(250) 309-5226,
Strictly Golf,https://www.strictlygolfvernon.com/,(250) 542-4653,
Strongside,https://airial.travel/contact,778-480-4949,
Studio 568,https://www.jessdalyphotography.com/contact,250-542-5687,
Studio Ki Permanent Cosmetics,https://www.zipleaf.ca/Customer-Service,2503060909,
Stussi Sport,https://www.stussisport.com/,250-542-4141,
Styles on Mane,,(250) 545-5307,
Su-Zen Landscape Maintenance & Garden Care,,250-260-0176,
Subway,,250 546 6362,
Subway Sandwiches and Salads,,(250) 545-7776,
SUDA Korean Restaurant,,(236) 426-4303,
Suda Restaurant,,250-541-0199,
Sudz In The Bucket Cleaning Service Inc,https://sudzinthebucket.ca/contact-us.php,250-541-2829,
Sun Country Cycle Ltd,https://www.suncountrycycle.com/,(250) 545-8775,
Sun Dial Lighting,http://www.sundiallighting.ca/catalog,(250) 545-7370,
Sun Life Financial,https://rocketreach.co/,250-545-5203,
Sun Ridge deSigns,,250-546-0556,
Sun Valley Dentistry,https://sunvalleyfamilydentistry.ca/contact/,(250) 542-2776,
Sun Valley Landscape Maintenance,,1-250-547-9255,
Sunbelt Rentals,http://www.norvalevents.com/contact,(250) 503-0933,
SUNDANCE POOL AND SPA,https://sundancepoolandspa.com/contact/,(250) 549-7170,
Sunderland Dental,,250-549-0025,
Sundowner Meats,https://lumby-bc.canadian-shops.com/,1-250-547-1463,
Sunset City Painting,,250-503-1653,
Sunset Systems,https://www.sunsetwestmechanical.com/contact-us,250-541-2267,
Super 8,https://www.wyndhamhotels.com/contact-us,+1-250-766-5244,
Super B's Auto Clean and Detail,https://superbautoclean.com/contact-us/,(250) 260-1405,
Supergreen Lawn & Tree Care,,250 549 1908,
Supplement King Vernon,https://www.supplementking.ca:443/contact,(778) 470-5464,
Surplus Herby's,https://www.surplusherbys.com/,(250) 545-9820,
Sushi Kawa,,(250) 260-3558,
Sushi Kotan Japanese Restaurant,http://sushikotan.com/,250 803 4260,
Sussex Insurance - Vernon,https://sussexinsurance.com/contact/,250-545-6533,
Sutton Lakefront Realty,,(250) 549-3944,
Suzanne's,https://www.suzannesfashions.ca,250-558-0745,
Swan Lake Market & Garden,https://swanlakemarket.com/contact-us,250-542-7614,
Swan Lake RV Park & Campground,https://swanlakecampground.com/contact-us/,250-545-2300,
Swan Lake RV Resort,https://www.swanlakervresort.com/,250-558-1116,
Sweet Caroline's Pastries & Cakes,http://sweetcarolinesbakery.ca/contact,(250) 545-0300,
Sweet Elegance - Floral Design,https://sweetelegance.ca/contact/,778-215-0075,
Symmetry Construction Services,,250-558-7156,
Syndel The Stylist,https://www.temu.com/,250-307-1899,
Systematic Auto Repair,https://systematicauto.ca/,250-542-6068,
T&B Electric,,(778) 943 1737,
T-Bones,https://www.flyers-on-line.com/contact,+1-250-549-4668,
T.J. Home Craft Stained Glass,,250 546 3866,
Taber's Service Ltd,,250 503 7069,
Taco Del Mar,https://tacodelmar.com/,(250) 542-3990,
Tailored Closet,https://www.tailoredcloset.com/en-ca/contact-us/,(250) 712-4621,
Tailored Fit Photography,https://www.tailoredfitphotography.com/contact,250-306-6086,
Take Wing Artistry Inc,https://twa.studio/error-404,1-236-599-6930,
Talon Benefits Consulting Group,,(250) 503-1958,
Tambellini Design Studio Inc,https://tambellini.ca/contact/,(250) 545-1555,
Tamitik Builders Inc.,https://tamitik.ca/contact-us-2/,250-258-0411,
Tanks Plumbing & Heating,https://www.aphmechanical.net/,250-306-8265,
"Tara Taylor, RMT",https://www.fyxsymmetry.com/,7789986434,
Tarr & Sons Janitorial Services,,(250) 308-8785,
TD Benefit Solutions,https://www.tdbenefits.ca/contact,(800) 254-6162,
TD Canada Trust,,(250) 260-5725,
Te Contracting,https://te-contracting.ca/,778-212-3355,
Teassential,https://www.teassential.ca/,(250) 306-8326,
Teddybear Daycare,,250-306-9922,
Tekamar Mortgages,https://www.chrisheidt.net/contact.html,250 546 6698,
"Tekmar Control Systems, a Watts Brand",,(250) 545-7749,
Telford Contracting,,778-212-0149,
Telus,https://www.telus.com/en/support/contact-us,1 888 811 2323,
Tempo,https://www.theweathernetwork.com/en,+1-250-838-2122,
Teos Mexican Cafe,,778-480-6800,
"Terry Francis, Rmt",,250 308 5500,
Terrys Automotive LTD,https://mapcarta.com/23751120,1-250-547-6602,
Tfroofing,https://www.tfroofing.site/,250-308-5863,
The Anchor Inn,https://www.anchorinnarmstrong.com/contact-us/,250 546 8210,
The Aspen View,,250-878-4994,
The Bargain! Shop,https://www.thebargainshop.com/,1-800-984-8031,
The Barn At 4404,,250 307 5769,
The Boardwalk 54,,(250) 260-3555,
The Branding Iron Pub,,250 546 0044,
The Bulldog Hotel,,+1-250-542-2459,
The Clean Gecko Services Ltd,https://www.thecleangecko.com/,(250) 540-0103,
The Cottage Day Spa,https://www.thecottagedayspa.ca/contact,250-558-5940,
The Essence Photography,,250-808-4124,
The Field Guide,https://stayhappening.com/,250-215-4076,
The Garage,,250 546 2011,
The Garage Hair Studio.,,250-859-5869,
The Hamlets at Vernon,https://thehamletsatvernon.ca?open=contact,(236) 426-1488,
The Higher Path,https://thehigherpathcanada.com/contact/,250 546 9868,
The Inner Ocean,https://www.theinnerocean.ca/,250 938 3409,
The Jammery,https://www.jammery.com/,250 766 1139,
The Kal,https://www.thekal.ca/contact,(250) 549-1011,
The Lakes Chiropractic,https://www.arisechiropractic.com/contact-us/,778-760-3953,
The Little Candle Shoppe,,250 309 0313,
The Lobster Pot,,778-212-8755,
The Log House B&B,https://canada-listing.com/contact,(250) 547 6574,
The Mortgage Centre Vernon - Charmaine Scherck,,250-308-0165,
The Orchard RV Retreat,https://theorchardrv.ca/contact.html,250-317-0057,
The Porch Health & Wellness,http://porchhealth.com/contact,250-808-0423,
The Property Source Group,https://thepropertysource.ca/contact/,250-299-8899,
The Ranch 105.7,https://www.mynorthokanagannow.com/contact-us/,(250) 545-4487,
The Rice Box,,(250) 545-9929,
The Right Cut,https://salons.greatclips.com/,778-475-1508,
The Rise Resort,https://theriseresort.ca/contact-us/,(250) 545-7425,
The Rock Sign Guy,,(778) 910-1186,
The Roxy Cafe,https://www.theroxycafe.ca/,(250) 541-0207,
The Studio Okng,https://www.the-studio-okng.com/,250-541-9227,
The Tile Guy,http://thetileguy.ca/contact/,(250) 545-8453,
The Towne Theatre,https://www.thetowne.ca/contact,778-475-4100,
The Travel Agent Next Door,https://mpbd.wpengine.com/,778-760-2791,
The Twisted Purl Yarn Studio,https://thetwistedpurlyarnstudio.com/contact-us/,778 442 5455,
THE UPS STORE,https://www.theupsstore.ca/customer-service/contact-us/,(250) 549-3020 ext #3,
The Web Advisors,https://thewebadvisors.ca/contact-us/,(778) 475-3392,
The Wild Oak Cafe,,778 442 2028,
The Winroc Corp,https://myfbm.com/contact-us,250-545-7211,
The Winston Pub,https://woodsmangroup.com/winston-pub/,250-503-1775,
Thirty One & Main,https://www.thirtyoneandmain.com/,250-550-7487,
Thompson Cleaning Services Limited,,250-545-1652,
Thompson Construction,,250-309-2570,
Thompson Okanagan Football Academy,https://tosa.soccer/contact-us/,(250) 540-9339,
Three Sisters Electric,https://www.3se.ca/contact,(250) 307-9097,
Thuro Earthworks Ltd,https://www.collinsearthworks.co.uk/contact/,250-558-5569,
Tier One Travel,https://www.gabatravel.com/contact-us/,250-306-0084,
Tillicum Electric & Controls Ltd,,250-542-4868,
Tim Hortons,,250 546 8088,
Tim's by the River Campsite,https://www.timscampsite.ca/contact,250-379-2379,
Tim's Kwik Kerb,https://www.toollist.org/contact,250-558-5372,
Tim's Transmission & Driveline,https://www.timstransmissions.com/contact.html,250-306-6472,
Timberspan Road Services,,250 308 9634,
Tina Louise Ltd,,778-483-6015,
Titan Industrial Plate Processing Inc,,250 546 6825,
TLC Hydroponics & Garden Supplies,,250-546-9391,
TMS - Transition Marketing Services,,(250) 838-0510,
Tnj Plumbing & Heating,,250 306 3200,
Tolko Industries,https://tolko.com/company/contact-us/,250 546-3171,
Toncar Contracting,https://www.toncarcontracting.ca/contact/,250-838-0369,
Tony's European Painting,,250-766-5099,
Tonyo's Outfitter,,250-838-7949,
Tool Time Taylor Small Engine Repair & Service,,250 309 6875,
Torbohm Jane Century 21,https://telegram.org/,250-679-3065,
Total Pet,https://store.petvalu.ca/contact,(250) 542-5323,
Total Restoration Services,https://www.totalrestoration.ca/,(250) 558-1412,
Tow Truck Now Services Ltd. Vernon,,604-330-9285,
Tracy Danbrook,,250-260-0453,
Trail Tire Auto Centers,,250-545-0634,
Trail Tire Vernon Heavy Duty,,250-260-4010,
Transform Fitness,,250-864-5831,
Transportation,https://lumbyliving.com/contact-us,1-250-547-1503,
Treasure Chest,https://www.gameshedge.com/contact-us/,250-558-6550,
Tree Service Lake Country - Arborist & Chipping Services,https://www.monstertreeservice.com/our-locations/,(888) 744-0155,
Trevor White Contracting Ltd,,250-546-6010,
Tri Lake Animal Hospital & Referral Centre,https://vcacanada.com/trilake,250-766-3236,
Tri Lake Massage & Wellness,https://trilakemassage.ca/,2505460460,
Trican Tire,https://integratire.com/contact-us,250-766-0531,
Triple B Contracting,,250-309-0760,
Triple P-Platts Professional Plumbing,https://www.sheret.com/contact,250-309-0587,
Triple Splash Sea Doo Rentals,https://triplesplashseadoorentals.com/contact/,778-559-2074,
Tris White Photography,https://www.triswhite.com/contact,778-990-8747,
True Value,https://www.truevalue.com/global/contact-us/,250-547-8881,
Tucker's Restaurant,https://restaurantobserver.com/contact/,778-442-4400,
Turning Points Collaborative,https://turningpoints.ngo/get-involved/contact,(250) 542-3555,
Turtle Bay IT Services Corp,https://turtlebayit.com/contact-us,+778-480-6686,
Turtle Mountain Inn,http://www.turtlemountaininn.com/contact.html,250-275-0681,
Twice But Nice,https://menuweb.menu/contact,250-838-6822,
Twin Hills Landscape & Maintenance,,250-540-0202,
Two Sparrows Pizza,https://www.twosparrowscatering.com/contact,778-789-3257,
TyCorp Consulting,https://tycorp.ca/contact,(250) 307-4076,
TyGr Property Services,https://www.tygrpropertyservices.com/contact/,250-617-3887,
Tyler Martin Photography,https://linktr.ee/s/about/contact,780-909-4586,
Tyne Buchy Registered Clinical Counsellor,https://www.tynebuchyrcc.com/contact,(250) 808-4756,
U N Holdings Inc.,,250-275-3275,
UnderGround Brews,,(250) 864-8919,
Uniglobe Kalamalka Travel,https://uniglobekalamalkatravel.com/contact,250-549-4432,
United Way SIBC,,(250) 549-1346,
Unity and Light Electrical Services,https://www.unityandlight.ca/contact-us,(403) 993-0763,
Universal Hair Salon,https://beautyhubca.com/contact-us/,+1 (250) 549-2060,
Upper Room Mission Society,,(250) 549-1231,
Uprise Design & Drafting,https://www.uprisedesigndrafting.com/,778.480.0341,
Urban K9,https://urban-k9.ca/contact-urban-k9-canada/,250-306-1840,
Urchit Brad Royal LePage,https://royalcanin.ru/contact-us,250-828-6047,
Uride,https://www.uride.co/,(250) 681-4674,
Ustaad G76 Indian Cuisine,https://www.ustaadg76.ca/contact-us,(778) 688-7113,
V S A Highway Maintenance,https://reseau-stella.fr/contact/,250 546 8844,
Val the Numbers Gal Accounting and Tax Services,,(250) 540-4245,
Vale Farms,,250-547-2382,
Valhalla Pure Outfitters,https://vpo.ca/contact,250-542-3537,
Valley Chiropractic,https://www.valleychiropractic.ca/contact,250-549-4535,
Valley First Insurance a division of First West Insurance Services Ltd,,1-800-748-8111,
Valley First Insurance a division of First West Insurance Services Ltd Village Green Mall,,250-260-5125,
Valley Grills (valley marine),,(250) 549-2628,
Valley Irrigation Corp,http://www.valleyirrigation.ca/contact,250-540-1770,
Valley Landscaping,,778-836-8412,
Valley Medical Laboratories,https://valleymedicallaboratories.com/contact-us/,250-763-4813,
Valleywide Windows Doors & More,https://valleywidewindowparts.com/,250-558-0676,
Valstar Electric,https://valstarelectric.net/contact-us/,250 307 7566,
Value Plus 3 Percent Real Estate Inc,,250-308-1888,
Value Village,https://www.valuevillage.com/contact,(250) 558-2900,
Van Deursen Diesel Ltd,,250 803 8517,
Van Houtte Coffee Services,,(250) 765-5956,
Vandelft Electric,https://www.artificer.cc/contact,250-308-9011,
VantageOne Realty Inc,https://www.hugedomains.com/domain_profile.cfm?d=vantageonerealty.com,250-260-4549,
Veach's Septic Service,https://veachssepticservice.com/contact,250 838 2067,
Vedder Transport Ltd Or,,250-838-0075,
VegPro International,https://attitudefraiche.com/contact/,(877) 447-4671,
Vernon & District Association for Community Living,https://vdacl.ca/contact-us/,(250) 542-2374,
Vernon & District Immigrant & Community Services Society,https://www.vdicss.org/contact,7784758855,
Vernon & District Metis Association,https://www.vernonmetis.ca/contact,250-260-8782,
Vernon Active Health Clinic,https://www.vernonactivehealth.com/contact-us/,(250) 545-2468,
Vernon and Area Pro Life Thrift Store,https://www.prolifevernon.ca/contact,(250) 545-0777,
Vernon and District Performing Arts Centre Society,https://vdpac.ca/,(250) 542-9355,
Vernon Automotive,https://virtoly.com/contact,250-307-5808,
Vernon Butcher Shop,,250-549-4704,
Vernon Cannabis,,7784759120 Ext 1,
Vernon Chiropractic and Massage,https://www.vernonchiropractor.com/contact-us/,(250) 275-1425,
Vernon Court Reporters,https://app.vernoncourtreporters.com/login?logout=true&redirect=%2Fcontact,(250) 549-4155,
Vernon Curling & Athletic Club,https://vernoncurling.ca/,(250) 542-6713,
Vernon Custom Garage Ltd,https://www.thesamba.com/,(236) 873-3999,
Vernon Dodge Jeep,https://www.vernondodge.com/contact/,(250) 241-8080,
Vernon Downtown Mental Health & Substance Abuse,https://bestrehabs.ca/contact-us/,2505033737,
Vernon Eco Property Care,,250-308-2159,
Vernon Electric,,250-307-7979,
Vernon Esso,https://www.esso.ca/en-ca,(250) 545-2072,
Vernon Foot Clinic (Dr. Booth),https://vernonfootcare.ca/,(250) 549-3338,
Vernon Golf & Country Club,https://vernongolf.com/,(250) 542-0151,
Vernon Green Cleaners,https://vernongreencleaners.com/,(250) 542-8014,
Vernon Insulation Solutions,https://vernoninsulation.com/contact-us/,(250) 938-1227,
Vernon Kia,https://www.genxautos.com/,250-545-7281,
Vernon Lawn Bowling Club,https://www.vernonlawnbowlingclub.com/home,(250) 549-4100,
Vernon Lawns & Gardens,,778-392-8124,
Vernon Lock & Security Solutions Ltd,https://vernonlock.com/,(250) 545-0139,
Vernon Midwifery,https://vernonmidwifery.com/contact/,(250) 275-5005,
Vernon Motorsports,https://vernonmotorsports.com/Contact-Us/,2505455381,
Vernon Nissan,https://www.nissan.ca/,1-855-426-6628,
Vernon Painter,https://www.thirdgenerationpainters.ca/,250-307-5017,
Vernon Pensioners Accommodation Society,,(250) 542-1154,
Vernon Physiotherapy and Rehabilitation Clinic,https://www.vernonphysiotherapy.com/contact.html,250-545-3696,
Vernon Pro Landscaping Services,,778-760-1363,
Vernon Public Art Gallery,https://vernonpublicartgallery.com,(250) 545-3173,
Vernon Regional Transit,https://www.bctransit.com/about/corporate-contact/,250 545 7221,
Vernon Ribfest Society,https://www.tucows.com/,250 540 7476,
Vernon Rock & Smoke Shop,https://rockandsmokeshop.com/,(250) 558-5577,
Vernon Sheet Metal Works,https://www.vernonsheetmetalworks.ca/contact,(250) 540-4758,
Vernon Snow Removal,,(250) 540-7965,
Vernon Square Liquor Store,https://arcliquorstores.ca/contact-us,1(236)4204060,
Vernon Teach and Learn,,(250) 545-3611,
Vernon Tireland Ltd,https://www.tireland.ca/contact-us,(250) 545-3291,
Vernon Toyota,https://www.vernontoyota.com/contact,(250) 545-0687,
Vernon Veterinary Clinic,https://www.vernonvetclinic.com/contact-us,(250) 542-9707,
Vernon Vipers Hockey Club,,(250) 542-6022,
Vernon Volkswagen,,(250) 545-2358,
Vernon Winter Carnival Society,,(250) 545-2236,
Vernon Yacht Club,https://vernonyachtclub.com/contact-us/,(250) 545-5518,
Vernon's Carpet Castle Ltd,,250-549-4448,
Vernon's Water Store,https://www.vernonswaterstore.ca/contact/,(250) 558-3595,
Vero Health,https://verocare.ca/contact-us/,(778) 475-4265,
Verum Innovations,https://veruminnovations.com/contact,(778) 692-9676,
Victoria Blaire,,250-870-1593,
Victoria Lane Brides,,(250) 938-5684,
View Point Lodge,https://viewpointlodge.holidayfuture.com/,(250) 540-4559,
Viking Earthworks Ltd.,https://www.vikingearthworks.ca/,250-550-6865,
Village Dairy Ltd,,250 546 8651,
Village Green Vacations,,778-475-0306,
Vintage Earth Creations,,250-674-7791,
Vintage Tattoo Co,https://www.glartent.com/contact,778 692 7755,
Vinters Family Mediation,,778-475-8002,
Vintique & Mary Anns Closet,https://rutube.ru/,(250) 549-0849,
Viola Grohs Rmt,https://viola.ru/,250-878-6405,
Virtue Landscape & Design Inc.,,250-899-0084,
Vision Dance,https://www.visiondanceschool.com/contact,250-309-2305,
Vision West Wood Window Ltd,,250-545-6096,
Vita Resorts,https://www.vitaokanagan.com/contact,604-722-9973,
Vital Cleaning Prod-Canada,,250-503-3104,
Vital Energy Massage & Healing,,250-212-3644,
Viva Hair Fashions,https://directmap.info/,250-547-9541,
Vline Painting,https://www.vlinepainting.ca/contact-us,250-541-2284,
Vn Organic Spa & Nails ( Vernon),https://vnorganicspa.ca/contact-us/,250-241-3384,
VO2 Master Health Sensors,https://vo2master.com/contact/,778-475-5755,
W Jay Hack,,250-545-5344,
W180Md,,250-878-6043,
Walmart Supercentre,https://www.walmart.ca/blocked?url=L2VuL2hlbHAvY29udGFjdC11cw==&uuid=0dbc1065-7751-11f1-8b7e-985c4ee58789&vid=&g=b,250-558-0425,
Ward Norman Macdonald Realty,https://www.ussearch.com/,250-309-2158,
Wasabi Sushi & Grill,https://wasabivernon.ca,778-475-6060,
Waste Management,https://www.wm.com/us/en/support/faqs/how-can-i-connect-with-wm-support,1-800-774-9748,
Waterside Winery,,250 838 9757,
Watkin Motors,https://www.watkinmotors.com/hours/,(250) 545-0611,
Wayne Watson Excavating,,250-542-3501,
WeBC,https://we-bc.ca/contact-us/,(250) 868-3454,
Wedge Cheesery,,236-426-2928,
Welbec Properties,https://www.welbec.com/contact.html,(778) 321 - 7962,
West Beach Window Coverings Okanagan,,250-317-6823,
West Range Construction,https://westrangeconstruction.ca/contact-us,250-299-5099,
Western Financial Group,https://westernfinancialgroup.ca/Contact,(250) 542-0171,
Westland Insurance,https://www.westlandinsurance.ca/contact/,(250) 545-4447,
Westpeak Metal Roofing,,250-306-4497,
Westpro Machinery,https://www.westpromachinery.com/contact/,(236) 600-1759,
Westshore Aesthetics,https://northshoreaesthetics.com.au/,250-575-4348,
Westwood Electric,https://westwoodelectric.com/,250-542-5481,
White Spot Vernon,https://www.whitespot.ca/contact,(250) 545-7119,
Wild Meadow Massage & Bodywork's,https://www.massagebook.com/North_Bergen~Massage~Contact,604-226-3786,
Wilde Signs,https://wildesigns.ca/,(250) 545-1513,
Wildfire Excavation,,250-306-1097,
Wildflower Designs,http://www.wildflowersdesigns.com/contact,250-804-9978,
Wilkins Construction Ltd,https://www.wilkinsconstructionltd.com/,250-306-0784,
Will Neumann - Mortgage Broker - Dlc Whitehouse Mortgages,https://dlcp.dc.gov/,250-540-9079,
Willco Law Corporation,https://willcolaw.com/contact,250 540 1888,
Willems Forest Products,https://www.willemsforestproducts.ca/,236-600-2873,
Williams Machinery LP,https://www.williamsmachinery.com/contact-us/,250-545-0609,
Williamson Automotive,,250-838-7912,
Willing 2 Ninja,,604 961 7808,
Willmar Windows,,250-558-1822,
Willms Electrical Contracting Ltd,,250-306-1402,
Windsong Hypnotherapy,,250-896-6340,
Windsor Plywood,https://www.windsorplywood.ca/pages/contact,250-545-3349,
Winfield Chinese,https://winfieldchineserestaurant.ca/contact/,(250）766-4171,
Winfield Electric,,250-766-5584,
Wings,https://greatwings.ca/contact/,(778) 475-2979,
Wise Girls Cleaning Services,,250-306-6623,
Witman John,https://www.sentara.com/contact,250-558-0565,
WKL Massage,https://calminggrovewellness.com/contact/,(250) 938-8860,
Wolf Exteriors Ltd,https://www.wolfxbc.com/contact,(250) 833-0402,
Wolseley Plumbing/HVAC,https://www.wolseleyexpress.com/,250-275-8422,
Women's Enterprise Centre,,1 800 643 7014,
Wood-N-Chick Furniture,,250-546-3723,
Wooden Nickel Cafe,,250-766-5550,
Woodliffe Clinic-Chiropractic & Massage Therapy,,250-545-9111,
Woodtone Specialties,https://woodtone.com/contact/,250 546 6808,
Woody's Sand & Gravel,,250-546-9909,
Work Safe Bc,https://www.worksafebc.com/en/contact-us,1 800 621 7233,
World Financial Group,https://agents.wfgcanada.ca/contact,(250) 549-5267,
Wright-Way Accounting LTD,https://finance.canadaplaces.net/contact/,(250) 470 8421,
XEVA Mortgage - Kari Gares,https://karigares.com/contact/,(250) 558-8091,
Yes Dear Handyman Services,http://contractorvernonbc.com/contact,(250) 938-1963,
Your Calm Oasis,https://www.yourcalmoasis.com/,(250) 306-7893,
Your Country News,,250 260 3840,
Yousuf Jaddoa Realtor,,250-300-8902,
Yuki Sushi,,1-250-547-2223,
Zahara Wayne Royal Lepage,https://kinsellasells.com/contact.html,250-306-0652,
Zephyr Heating And Cooling,https://www.zephyrheatingandcooling.ca/contact-us/,250-306-6890,
Zion United Church,https://www.armstrongunited.ca/,250 546 9384,
