business_name,contact_page_url,main_public_phone,general_public_email
107.5 Beach Radio,https://www.pattisonmedia.com/contact-us,,info@pattisonmedia.com
1516 Pub & Grill,https://1516pub.com/,(778) 475-9146,info@1516pub.com
27th Street Florist,https://www.27thstreetflorist.com/,(250) 503-2262,27thst.florist@gmail.com
"4-H Armstrong, Vernon, Lumby District",https://www.4hbc.ca/,250 545 7140,mail@4hbc.ca
4D Creek Ranch,https://www.4dcreekranch.com/,(250) 718 6211,4dcreekranchlumby@gmail.com
50th Parallel Estate Winery,https://www.50thparallel.com/contact-us/,2507663408,events@50thparallel.com
A & D Asphalt Solutions Ltd.,https://www.asphaltsolutions.ca/contact-us,(250) 546-6610,asphaltsolutionsadestimator@gmail.com
A Fine Kettle of Fish,https://www.finekettleofish.ca/,(250) 545-5665,finekettleofishvernon@gmail.com
"A&W, The McMurray Group",https://members.downtownvernon.com/contact-us,(250) 549-4717,info@downtownvernon.com
A.M.I. Clothing,https://okanagangear.com/,(250) 542-2649,sales@amiclothing.com
Aberdeen Dental Centre,https://vernondentist.com/,250-545-3319,aberdeendentalcentre@gmail.com
About Time Bookkeeping,,1-778-212-5436,abouttimebookkeeping@outlook.com
Absolute Cheer & Tumbling Ltd.,https://www.absolutegym.ca/contact,(250) 241-8712,absolute.cgt@gmail.com
AFD Quality Fuels and Lubricants,https://afdpetroleum.com/,7804385930,info@afdpetroleum.com
Agar Schneider & Lett,https://www.cpavernon.ca/,(250) 545-7117,admin@cpavernon.ca
All About Youth Consultants,https://evlppl.com/,,hello@evlppl.com
All Terrain Construction,https://www.all-terrain.ca/,250 558 8782,allterrainhaner@gmail.com
Allan Brooks Nature Centre,https://abnc.ca/,(250) 260-4227,events@abnc.ca
Alpha Vapes,https://alphavapes.ca/about/,778 392 8307,alphavapes.bc@gmail.com
Altha Health & Sport,https://althahealth.janeapp.com/#staff_member/1,250 546 5159,drpaulinet.altha@gmail.com
Anchor Peak Bookkeeping,https://www.cbinsights.com/contact-us/,,info@cbinsights.com
Ancient Hill Estate Winery,http://ancienthillwinery.com/contact-us,250-491-2766,info@ancienthillwinery.com
Angel Acres Country Store,https://nourishfoodclub.com/,(250) 996-1801,support@nourishfoodclub.com
Angelkeys Music Studio,https://www.angelkeys.ca/,(250) 305-4784,support@mymusicstaff.com
Angus River Earthworks,https://www.findglocal.com/contact,1-250-309-4666,angusriverearthworks@outlook.com
Armstrong Asparagus Farm,https://armstrongfarmco.com/contact/,,admin@armstrongfarmco.com
Armstrong Craneguy,,(250) 996-3239,craneguy56@gmail.com
Armstrong Dental Centre,https://armstrongdentalcentre.com/,250 546 9811,reception@armstrongsmiles.com
Armstrong Farmers Market,https://www.armstrongfarmersmarket.ca/,250 307 8336,info@armstrongfarmersmarket.ca
Armstrong Lions Club,https://e-clubhouse.org/sites/armstrong/,705 676 6410,armstronglions.sec@gmail.com
Armstrong Optometry,https://www.armstrongoptometry.com/contact-us/,250 546 2020,info@armstrongoptometry.com
Armstrong Pride Society,https://www.armstrongpride.ca/,250 251 8826,info@armstrongpride.ca
Armstrong Registered Massage Therapy,https://www.armstrongmassage.ca/,250 878 0409,info@armstrongmassage.ca
Armstrong Return-It Depot,https://www.return-it.ca/contact/,250 546 2466,brandregistry@returnit.ca
Armstrong Spallumcheen Cemetery,https://www.cityofarmstrong.bc.ca/contact/,250 546 3013,mail@spallumcheentwp.bc.ca
Armstrong Spallumcheen Environmental Trust,https://mycharityfund.ca/charity/62113/armstrong-spallumcheen,250 546 6377,info@mycharityfund.ca
Armstrong Spallumcheen Trails Society,https://www.astrailssociety.com/about/,250 241 2255,astrailssociety@gmail.com
Armstrong Veterinary Clinic,https://armstrongveterinaryclinic.com/,250-546-9506,reception@armstrongveterinaryclinic.com
Armstrong Wine And Brew Ltd,http://armstrongwineandbrew.com/,250 546 6954,info@armstrongwineandbrew.com
Ashton Oasis Farm,https://canic.ws/,(250) 838-2655,ashton.oasis@gmail.com
Askews Foods,https://www.askewsfoods.com/contact-us,250 546 3039,info@askewsfoods.com
Aspect Dental,https://aspect.dental/,(250) 545-4466,reception@aspect.dental
Associated Environmental,https://www.ae.ca/contact/,,inquiries@ae.ca
B.Weightman Construction,https://www.weightmanconstruction.com/contact-us,1-931-246-0910,bweightman@outlook.com
Back Nine Indoor Golf,https://backninegolf.ca/contact?_b9redir=1,236-361-7888,infoca@thebackninegolf.com
Baird Brothers,https://www.bairdbros.ca/,(250) 838-6430,bairdbros.ca@gmail.com
Barrique & Java,https://www.sparklinghill.com/contact/,250-275-1556,reservations@sparklinghill.com
BDC Vernon,https://www.cdap-vernon.ca/,,info@cdap-vernon.ca
Beach Radio 107.5,https://radio.menu/,(250) 545-2141,contact@radio.menu
Bean To Cup,https://www.beantocup.com/,250-503-2222,beantocup@gmail.com
Bear Valley Highlands,https://bearvalleyhighlands.com/,778-373-5684,info@bearvalleyhighlands.com
Beaumont Mortgage Group,https://dreyergroup.ca/contact,+1-604-536-3802,neil@neilbeaumont.ca
Beaver Lake Mountain Resort,https://www.beaverlakeresort.com/,250-762-2225,info@beaverlakeresort.com
Beem Credit Union,https://beemcreditunion.ca/contact,(250) 545-1234,info@gfcu.com
Bertelsen Plumbing,https://www.bertelsenplumbing.com/contact/,(250) 542-4153,office@bertelsenplumbing.com
Bighorn Moving and Storage,https://www.bighornmoving.ca/,+12507661966,info@bighornmoving.ca
Black Fox,https://www.vagaro.com/en-ca/pro/contact,7782121973,support@vagaro.com
Black Isle Farms,https://www.castanet.net/contactus/,(250) 833-6459,letters@castanet.net
Blind Tiger Vineyards,https://blindtigervineyards.ca/,250-766-0622,hello@blindtigervineyards.ca
Bloom Salon,https://greencirclesalons.com/contact/,(250) 545-7800,info@greencirclesalons.com
Blue Grass Farm,https://bluegrassfarmbc.ca/,,hello@bluegrassfarmbc.ca
Bluegreen Architecture,https://www.bluegreenarchitecture.com/,7785064567,info@bluegreenarch.com
BNA Brewing,https://www.bnabrewing.com/bna-vernon,250-558-2635,info@bnabrewing.com
Boa Thong Thai Food Restaurant,https://boathong.ca/,(250) 542-1252,info@boathong.ca
Borrowman Electric,https://borrowman.ca/contact-us/,1-778-473-3004,sales@borrowman.ca
Bosman Accounting,https://www.bosmanaccounting.com/,(250) 542-2180,info@bosmanaccounting.com
Boys & Girls Club Okanagan),https://www.bgc.ca/contact-us,250 546 3465,office@bgc.ca
Bridlewood Riding Centre,https://bridlewoodriding.com/,2508620998,bridlewoodriding@gmail.com
Bright Angel Farm,http://www.brightangelfarm.com/,250-558-5552,brightangelfarm@gmail.com
Brown Mechanical Services,https://www.brown-mechanical.com/,(250) 545-4211,info@brown-mechanical.ca
Burr Fabrication,https://burrfabrication.com/contact/,250 549 0581,burrfabrication@gmail.com
Burton Tree Service,,(250) 833-8705,james@burtontree.ca
Cabbana Indian Bistro,https://www.cabbanaindianbistro.com/,(778) 943-2080,info@mysite.com
Cactus Club Cafe - Vernon,https://www.provenexpert.com/en-us/,(778) 506-2494,support@provenexpert.com
Cambium Cider Co,https://www.cambiumcider.com/,250-541-0655,hello@cambiumcider.com
Cambridge Building Products Ltd,https://centraltarp.ca/contact,(403) 354-1742,greg@cambridgebp.com
Camel's Hump Guest Ranch,,1-250-547-2207,camelshumpranch@gmail.com
Canadian 4X4,https://canadian4x4.ca/contact-us/,(250) 938-7007,cpzieman@gmail.com
Canadian Wildlife Museum & Gift Shop,https://canadianwildlifemuseum.com/,250-545-9740,info@canadianwildlifemuseum.com
CanHealth and Dental Plans Ltd,https://healthanddental.ca/,(250) 838-6848,casebrad@telus.net
Cardiff Miller Art Warehouse,https://cardiffmillerartwarehouse.ca/,,cmawenderby@gmail.com
Cardinal Vow Media,https://www.cardinalvow.com/,236 700 0808,hello@cardinalvow.com
Carousel Consignments,https://www.carousel-consignments.com/contact-us,(250) 542-2677,carouselconsignmentsokemos@gmail.com
Castle On The Mountain B&B,https://www.castleonthemountain.com/,250-542-4593,info@castleonthemountain.com
Caufields Engraving,https://caufieldsengraving.com/,(250) 542-6293,orders@caufieldsengraving.com
Cedar Solutions & Millworks,https://www.cedarsolutions.ca/contact-us,(250)838-0899,nic@cedarsolutions.ca
Cento wear,https://www.centowear.com/,(250) 542-5484,info@centowear.ca
Central Okanagan Economic Development Commission (COEDC),https://www.investkelowna.com/contact-us/,12504696280,info@investkelowna.com
Chapman Industries Ltd,https://chapmanindustries.ca/,250 549 2907,info@chapmanindustries.ca
Cheeky Tones,https://tanresponsibly.ca/#home-feedback,(250) 838-2120,cheekytonesltd@hotmail.com
Cherkowski Marsden LLP,https://cmlawyers.ca/,(250) 308-0338,info@cmlawyers.ca
City of Enderby,https://www.cityofenderby.com/,(250) 838-7230,info@cityofenderby.com
Clark Robinson Chartered Professional Accountants,https://www.clarkrobinson.com/,(250) 545-7264,info@clarkrobinson.com
Cobbler's Rack,https://cobblersrack.com/,,cobblersrack@gmail.com
CoCoMelon Learning,https://cocomelonlearning.com/,587-914-0425,admin@cocomelonlearning.com
Coldstream Mechanical,https://coldstreammech.com/,(250) 558-9134,info@coldstreammech.com
Comfort Suites,https://socialads.comfortsuiteskelowna.com/contact.html,18004246423,ccarlson@hotelequities.com
Community Appliance Parts & Service,https://geniers.com/,(778) 475-3004,info@geniers.com
Community Foundation of North Okanagan,https://www.cfno.org/contact,(250) 542-8677,info@cfno.org
Courtyard Gallery,https://courtyardgallery.ca,(778) 443-0529,info@courtyardgallery.ca
Courtyard Inn Vernon,https://courtyardinnvernon.ca/,(250) 549-1211,info@courtyardinnvernon.ca
Cozy Cabins Nature Resort,https://www.cozycabins.ca/contact/,1-250-547-6201,info@cozycabins.ca
Crave Massage,https://cravemassage.ca/,(250) 545-3600,cravemassagevernon@gmail.com
Creative Chaos Society,https://www.creativechaoscrafts.com/contact-us/,(250) 545-6963,info@creativechaoscrafts.com
Creative Trophies & Gifts,https://creativetrophies.ca/,250-860-1153,sales@creativetrophies.ca
Creekside Dynamic Health,https://www.creeksidevernon.ca/,(250) 545-7107,info@creeksidevernon.ca
Crepe Bistro,https://www.crepebistro.ca/,(778) 955-5075,info@crepebistro.ca
Cross Health,https://crosshealth.ca/,(250) 241-9671,crosshealthtcm@gmail.com
Crystal Flaman,https://crystalflaman.com/,(250) 215-2903,info@crystalflaman.com
Csek Creative,https://www.csekcreative.com/,250 862 8010,info@csekcreative.com
"CUPE 626, Vernon Civic Employees Union",https://626.cupe.ca/contact-us/,250-545-0446,president@cupelocal626.com
Cypress Guest House,https://cypressguesthouse.com/contact.html,250-503-2300,info@cypressguesthouse.com
Damini Physiotherapy & Sports Injury,https://www.daminiphysio.ca/,(250) 545-2335,info@daminiphysio.ca
Dan-Gare Drilling Ltd,https://www.dangaredrilling.ca/,250 546 3480,info@dangare.ca
Danley Carriage And Wheel,https://www.carriageassociationofamerica.com/contact-us/,250 546 9979,info@caaonline.com
Dave Kennedy Construction,https://rbkennedy.com/contact-us/contact-form-submitted/,250 546 8256,info@rbkennedy.com
De Thomas Wealth Management,https://www.dethomaswealthmanagement.com/contact,(236) 426-3111,info@dethomaswealth.com
Dee Lake Wilderness Resort,https://www.deelakeresort.ca/,778-738-0345,info@deelakeresort.ca
DEEM Health + Fitness,https://www.deemhealth.ca/,(250) 541-0411,info@deemhealth.ca
Del Rayo Haro Tax & Professional Services Corp,https://delrayotax.ca/,(604) 910-4900,info@delrayotax.ca
Designers Gallery 2025,https://okdg.ca,(250) 542-5955,info@okdg.ca
Destination Silver Star,https://members.destinationsilverstar.com/,(250) 275-4942,info@destinationsilverstar.com
DFS Executive Resources Inc,https://dfs-solutions.com/,(250) 549-1787,info@dfs-solutions.com
DHANRAJ COMPUTER HARDWARE & SOFTWARE SOLUTIONS INC,https://dhanrajcomputer.com/,(236) 565-3155,support@dhanrajcomputer.com
Digg'n 4U Contracting Ltd,https://www.diggn4u.ca/,250-766-3519,info@diggn4u.ca
Dirt Nerd Earthworks,https://www.dirtnerdearthworks.com,(236) 599-0616,info@dirtnerd.ca
District of Lake Country,https://bclca.com/about/,7783831037%20,office@bclca.com
Diversity Dance,https://www.diversitydanceandfitness.com/,(250) 307-8982,diversityvernon@gmail.com
Divya Sutra Plaza and Conference Centre,https://divyasutravernon.com/,(250) 542-3321,contact@thehotel.com
Do Some Good,https://www.dosomegood.ca/en-CA/home,(778) 760-1099,info@dosomegood.ca
Do The Okanagan,https://www.tourismvernon.com/about-vernon/contact-us,(250) 550-4466,info@tourismvernon.com
Dodds Auction,https://doddsauction.com/,(250) 545-3259,doddsauctionvernon@gmail.com
Dosa Crepe Cafe,https://dosacrepecafe.com/,7784750151,dosacrepecafe@gmail.com
Dr Jody Snook,https://vernonmsa.ca/,,support@vernonmsa.ca
Dr. Dwayne Ogasawara Corp,https://support.opencare.com/hc/en-us,(250) 542-2361,support@opencare.com
Dr. Gordon Davidson,https://vernonmorningstar.com/services/contact-us/,(250) 309-4252,editor@vernonmorningstar.com
Dr. Julian Sernik,https://doctorsernik.ca/,236-600-0276,admin@doctorsernik.ca
Dr. Kevin Preston,https://drkevinpreston.com/contact/,7784753748,info@drkevinpreston.com
Dr. Mark Loland,https://lolanddental.ca/,7784750154,reception@lolanddental.ca
Dr. Splawinksi/Croft Inc,https://www.dentistdirectorycanada.ca/contact-us/,(250) 545-1339,info@dentistdirectorycanada.ca
Dr.'s Office,https://clinicfinder.ca/contact/,2505031021,info@clinicfinder.ca
DuMoulin Boskovich LLP Lawyers,https://www.dubo.com/#contact,(778) 943-2077,info@dubo.com
Dutch's Campground,https://www.dutchscampground.com/contact,250-545-1023,dutchs.coldstream@gmail.com
Eagle Industries,https://eagleindustries.ca/pages/contact,(416) 553-2270,info@eagleindustries.ca
Earth Elements,https://www.earthelementsgiftshop.com/,(250) 540 4119,earthelementsgiftshop@gmail.com
Echo Lake Resort,https://echolakeresort.ca/,250-547-6434,info@echolakeresort.ca
ECOTECTURE,https://www.ecotecture.ca/,(250) 542-8085,hello@ecotecture.ca
Eimer Bros. Trucking,https://reimerbros.com/,250 546 8625,info@reimerbros.com
Electrolysis by Nicole,https://www.vernonelectrolysis.ca/,,info@vernonelectrolysis.ca
Elements Adventure Company,https://www.elementsadventures.com/contact/,250-308-8924,admin@elementsadventures.com
Elevate Day Spa & Hair Studio,https://www.elevatedayspa.ca/,(250) 517-8615,elevatedayspa@outlook.com
Elks Lodge Lodge #45,http://vernonelks.com/contact/,(250) 549-1883,vernonelks45@gmail.com
Ellison Provincial Park,https://bcparks.ca/contact/,250-766-7972,camping@campokanagan.ca
Elodies Playhouse Cafe,https://www.elodiesplayhouse.ca/,(778) 943-3003,info@elodiesplayhousecafe.ca
Enderby & District Arts Council,,(236) 586-6600,contact@enderbyartscouncil.org
Enderby & District Financial,https://www.trucooperativebank.ca/enderby-district-financial/personal,(250) 838-6841,wvilleneuve@valleyfirst.com
Enderby & District Food Bank Society,https://www.enderbyfoodbank.ca/contactus,(250) 309-2667,admin@enderbyfoodbank.ca
Enderby & District Recreation Services,https://www.enderbyrecreation.com/,(250) 838-2665,recreation@enderby.ca
Enderby & District Senior Citizens Complex Society,,,enderbyseniorcomplex@outlook.com
Enderby Curling Club,https://enderby.curling.io/contact,+12508386702,sandyeh8@gmail.com
Enderby Flowers & Gifts,https://www.enderbyflowershop.com/,(778) 443-5037,enderbyflowers@gmail.com
Enderby Jewellers,https://www.enderbyjewellers.com/verify.html?next=/contact-us/,(250) 838-7123,info@enderbyjewellers.com
Enduro Financial & Advisory,https://www.ainvest.com/,,support@ainvest.com
Equal People HR,https://www.equalpeople.ca/contact,(250) 575-3949,hello@equalpeople.ca
"Eric Hutton, RMT",https://erichuttonrmt.com/,2503063742,erichuttonrmt@gmail.com
Everton Ridge Homes Ltd,https://evertonridge.ca/contact/,(236) 426-0388,sales@evertonridge.ca
Experior Financial Group Kimberley Greenizan,https://kgreenizan.experiorfinancial.com/contact/,4039939961,kgreenizan@experiorfinancial.ca
Falconhurst Window Cleaning,https://www.falconhurst.pro/,604-308-5647,info@falconhurst.pro
Family First Optometry,https://familyfirstoptometry.ca/,(250) 541-9292,info@familyfirstoptometry.ca
Fearless Training Okanagan,https://www.fearlesstrainingokanagan.ca/,250-308-6916,fearlesstrainingokanagan@gmail.com
FH&P LAWYERS LLP,https://www.fhplawyers.com/,(778) 940-3480,info@fhplawyers.com
First Baptist Church,https://www.fbcarmstrong.org/,250 546 9598,office@fbcarmstrong.org
Fleur Seasons Designs,https://fleurseasonsdesigns.ca/,,fleurseasonsdesigns@yahoo.com
Floramaxx Technologies,https://www.floramaxx.ca/,778.754.6299,info@floramaxx.ca
FOREFRONT Immigration Services Inc,https://forefrontcanada.com/,(250) 550-4177,info@forefrontcanada.com
Frank's Autobody Repair - CSN,https://csncollision.com/,(250) 545-6906,info@csncollision.com
Freechild Farm,https://www.freechildfarm.com/,250 307 4581,freechildfarm@gmail.com
Freedom Counselling,https://www.freedomcounselling.com/contact,250-550-5482,info@freedomcounselling.com
Freedom Flight Park,,,freedomflightpark@gmail.com
Fresh Valley Farms,https://freshvalleyfarms.ca/contact/,250 540 7500,events@freshvalleyfarms.ca
Frog Friendly Coffee (Enderbeans),https://frogfriendlycoffee.com/,(250) 838-0181,karla@frogfriendlycoffee.com
Funtastic Sports Society,https://funtasticsports.ca/,(250) 558-7756,office@funtastic.org
Galaxie Powder Coating,https://galaxiepowdercoating.ca/,1-250-547-6779,galaxiepowdercoating@gmail.com
Gallery Artiva,https://www.galleryartiva.com/,250-307-0675,galleryartiva@gmail.com
Gallery Vertigo,https://galleryvertigo.com/contact-us/,(250) 503-2297,galleryvertigonoaa@gmail.com
Gambell Farms,https://www.tourismkelowna.com/contact/,250.861.1515,info@tourismkelowna.com
Gambrinus Malting Corporation,https://gambrinusmalting.com/,250 546 8911,info@gambrinusmalting.com
Gennyleigh's Hairstyling & Esthetics,,(250) 804-9733,genny.leigh_2016@yahoo.com
Gentleman's Shop and Shave Parlour,https://www.thegentlemensshopandshaveparlour.com/,(236) 426-4575,gentlemensshaveparlour@gmail.com
Gilbert Parts Depot,https://gilbertparts.ca/auto-parts-armstrong,250 546 3137,admin@gilbertparts.ca
Glamping,https://www.okeeferanch.ca/contact-us,250 542 7868,admin@okeeferanch.ca
Gord Oh's Food,https://www.southshuswapchamber.com/,(250) 575-7058,manager@southshuswapchamber.com
Gostlin Keefer Lake Lodge,https://keeferlakelodge.com/,250-547-6750,info@keeferlakelodge.com
Green Guard Eco-Scapes,https://greenguardeco-scapes.ca/,(250) 306-7735,info@greenguardeco-scapes.ca
Guided Heart Home Care,,(250) 309-0730,info@guidedhearthomecare.ca
H.M. Krause Jewellers,https://www.krausejewellers.ca/,(250) 542-1911,info@krausejewellers.ca
Habitat for Humanity Okanagan,https://www.habitatforhumanityokanagan.ca/contact/,(778) 755-4346,admin@hfhokanagan.ca
Happi Dani (Tea Sommelier),https://www.happidani.com/contact,604 355 6186,hello@happidani.com
Harmony Holistic Health,https://harmonyholistichealth.janeapp.com/,(778) 846-4049,ruthszerepirmt@gmail.com
Hawthorne Storage,https://hawthornestorage.ca/,250 546 4015,mail@hawthornestorage.ca
Healing Garden Spa & Wellness,https://www.healinggardenvernon.ca/,(778) 475-8686,info@healinggardenvernon.ca
Health and Medical Services,https://lumbyhealthcentre.org/contact-us/,1-250-547-9741,lumbyhealthcentre@shaw.ca
HearingLife,https://www.hearinglife.ca/,(250) 542-3564,info@hearinglife.ca
Heaton Place Retirement Community,http://www.heatonplace.com/contact,250 546 3353,info@heatonplace.com
Hewberry Alarms Ltd,https://www.hewberryalarms.ca/,(778) 475-4320,hewberryoffice@gmail.com
Hill Environmental Ltd,https://hillenvironmental.ca/contact/,(250) 546-4069,info@hillenvironmental.ca
Hillview Golf Course,https://www.hillviewgolf.ca/contact/,(250) 549-4653,info@hillviewgolf.ca
Hogarths Clinic Pharmacy,https://www.hogarths.ca/,(250) 545-3660,info@hogarths.ca
Holiday Park RV & Condo Resort,https://sweetlife.com/contact/,250-215-5239,reservations@holidaypark.ca
Holmes Electric Ltd,https://www.holmesonohms.com/contact-us/,+12508615557,diane@holmeselectric.ca
Horizon Auto Detailing,https://www.horizonautodetailing.ca/,(780) 236-4359,info@horizonautodetailing.ca
Horse Drawn Okanagan,https://www.pilotfarmandforge.com/,250 540 7344,info@pilotfarmandforge.com
Hugo's Moving,https://www.hugosmoving.com/,(778) 475-1763,info@hugosmoving.com
Hunger Payne's Food Truck,https://hungerpaynesfoodtruck.com/,(403) 968-7087,hungerpaynes@icloud.com
Hunter Exteriors,https://hunterexteriors.ca/,(250) 306-6638,hunterexteriorsvernon@gmail.com
Huska Holdings,https://www.huskaholdings.ca/,(250) 762-4028,admin@huskaholdings.ca
IA Private Wealth,https://www.mindsetwealth.com/,778-475-0088,reception@mindsetwealth.com
IG Wealth Management,https://www.newvernonwealth.com/,,info@nv-wm.com
Imperical Counselling & Coaching,https://www.wisebodycounselling.com/,+1-778-400-4984,margob52@telus.net
Independent Living Vernon,https://www.ilvernon.ca/index.php,"250-545-9292, TTY 250-542-2193",info@ilvernon.ca
Inspire Consignment Boutique,https://www.inspireconsignment.com/,(604) 790-2798,inspireboutiquevernon@gmail.com
Interior Freight & Bottle Depot,https://www.interiorrecycling.com/,(250) 545-5706,info@interiorrecycling.com
Interior Heavy Equipment School,https://iheschool.com/,1-866-399-3853,info@iheschool.com
Iron Creek Industries,https://ironcreekindustries.ca/,250 546 3081,office@ironcreekindustries.ca
J-Ball Electronics Inc.,https://jballelectronics.com/,(778) 475-5528,info@jballelectronics.com
J-DON Japanese Donburi,http://www.jdoncafe.com/contact.html,,info@jdoncafe.com
Jade Asian Kitchen,https://jadeasiankitchen.com/,2369968828,info@jadeasiankitchen.com
James Weir Immigration,https://www.liveincanadanow.net/,(250) 938-4480,jweirimmigration@gmail.com
JC Bradley Jewellers,https://jcbradleyjewellers.com/,(236) 426-4944,info@jcbradleyjewellers.com
JCI-Junior Chamber International Vernon,https://www.jcivernon.com/,(250) 549-7199,commuincations.jcivernon@gmail.com
Jealous Pizza N Donair,https://jealouspizza.com/,778 442 0022,jealouspizzaarmstrong@gmail.com
Jim's Place Pizza,https://jimsplacepizza.com/,250-549-3700,jimsplacepizza@gmail.com
Jj's Pizza Plus Ltd,http://jjspizzaplus.com/,250 546 3333,info@jjspizzaplus.com
Johnston Meier Insurance Agencies Group,,(250) 838-7333,lynne.holmes@jmins.com
Jonnie & Lily's Diner,https://jonnieandlilysdiner.com,778 442 3373,info@jonnieandlilysdiner.com
Joy Hair Salon,https://joysalon.ca/contact-us/,778 932 2223,contact@joysalon.ca
JTL Contracting,,1-250-503-8091,jtlcont@gmail.com
Just For You Spa & Salon,https://www.justforyouspaandsalon.ca/contact-us,(250) 549-2488,info@justforyouspaandsalon.ca
Kalamalka Eagle Feather Security Corp,https://kalamalkaefsecurity.com/,(778) 215-7266,admin@kalamalkaefsecurity.com
Kalamalka Eye Care,https://kalamalkaeyecare.ca/,(778) 475-2015,reception@kalamalkaeyecare.ca
Kalamalka Indigenous Garden,https://www.kalamalkagarden.ca/,,info@kalamalkagarden.ca
Kalamalka Starfish Society,https://starfishpack.com/contact/,(250) 558-8366,admin@chilliwackbowlsofhope.com
Kapiti Built Ltd,https://www.kapitibuilt.ca/,1+250+869+7212,info@kapitibuilt.ca
Kcw Construction,https://kcwconstruction.ca/,1 778 212 2240,info@kcwconstruction.ca
Keith Dahlen Construction Ltd,http://keithconstruction.ca/contact/,(250) 545-1300,info@keithconstruction.ca
Kekuli Bay Cabinetry,https://kekulibaycabinetry.com/,(250) 558-5112,sales@kekulibaycabinetry.com
Kelli Hanson,https://www.kellihansoncounselling.com/,250-351-6487,kellihansoncounselling@gmail.com
Kelowna-Lake Country Conservatives,https://interior-news.com/services/contact-us/,250-877-5600,sales@interior-news.com
Kentucky Fried Chicken 1874,https://www.hospitalityonline.com/contact,(250) 545-0741,sales@hospitalityonline.com
Kerkhoff Real Estate Development Ltd,http://www.kerkhoff.ca/contact/,(604) 824-4122,info@kerkhoff.ca
Keystone Property Management Ltd,https://keystone.pm/,(250) 550-4543,office@keystone.pm
Kidston Helm Ross Lawyers,https://www.kidston.ca/,(250) 545-0711,info@kidston.ca
Kiki Gardens,https://www.kikigardens.com/contact/,(250) 545-2757,info@kikigardens.com
Kindale Developmental Association,https://www.kindale.net/,(250) 546-3005,kindale@kindale.net
KingFisher Boats,https://kingfisherboats.com/contact-us/,(250) 545-9171,admin@kingfisherboats.com
Kiwi Auto,https://www.kiwiauto.ca/,(250) 542-1425,kiwiautovernon@gmail.com
Krafty Bikes,https://kraftybikes.com/pages/rentals,1-877-491-2554,info@kraftybikes.com
Krispy Cravings,https://www.krispycravings.com/,778-943-1053,info@krispycravings.com
Kula Rigging and Crane,,1-250-308-9424,ben@krcrane.ca
La Carraia Gelato,https://www.lacarraiavernon.com/contact-us/,2505501908,lacarraia.bc@gmail.com
LabelPak Printing Inc,https://www.labelpakprinting.com/,(604) 943-1588,sales@labelpakprinting.com
Lake City Law Corporation,https://www.lakecitylaw.ca/contact,(250) 800-1077,admin@lakecitylaw.ca
Lake Country ArtWalk,https://www.lakecountryartwalk.ca/,250-766-4406,info@lakecountryartwalk.ca
Lake Country Auto,https://lakecountryauto.ca/,123-456-7890,contact@mysite.com
Lake Country Kids,https://lakecountrydance.ca/,2507664502,info@lakecountryschoolofdance.com
Lake Country Pest Control,https://gopropestcontrol.com/,250-215-5243,info@gopropestcontrol.com
Lake Country Self Storage,https://www.lakecountrystorage.ca/contact-us,2507662430,info@lakecountrystorage.ca
Lake Country Senior Housing Society,https://www.volunteerconnector.org/contact-us,1 (888) 688-2161,info@volunteerconnector.org
Lake Country Truss Ltd,https://lakecountrytruss.ca/,(250) 558-1423,info@lakecountrytruss.ca
Lake Life Pontoon Cruises,https://lakelifepontooncruises.ca/,+17789772628,info@lakelifepontooncruises.ca
Lakeland Excavating,https://lakeviewequip.com/,+12508014847,kyle@lakeviewequip.com
Lakeside Hearing,https://lakesidehearing.com/contact/,+12364200294,info@lakesidehearing.com
Landing Nursery Ltd,https://www.landingnurseryltd.ca/contact,,office@landingnurseryltd.ca
LaserArt Engraving,,1-250-859-8624,laserartengraving1@gmail.com
LC Legend Capital Inc,https://www.lclegendcapital.ca/contact-us,(250) 241-3636,info@lclegendcapital.ca
LDR Construction,https://ldrconstruction.com/,(250) 307-8562,info@ldrconstruction.com
Lensmakers Optical,https://www.lensmakersoptical.ca/contact/,(250) 545-3225,lensmakersvernon@gmail.com
Lesia Design & Digital Inc,https://www.lesiadesign.com/,(306) 371-6637,info@lesiadesign.com
Let's Talk Communication,https://www.letstalkcommunication.ca/,(778) 836-8173,info@letstalkcommunication.ca
LINQ Flooring,https://linqflooring.com/,(250) 281-1116,sales@linqflooring.com
Literacy Society of the North Okanagan,https://www.literacysociety.ca/,(250) 275-3117,admin@literacysociety.ca
Little Miracles Preschool,https://littlemiraclespreschool.ca/,(250) 503-2220,hello@divi.edu
Little Seedlings Daycare,https://littleseedlingsdaycare.ca/contact-us/,250 546 3600,littleseedlings21@gmail.com
LNH Equipment LTD,https://www.lnhequipmentltd.com/contact-us.html,1-250-206-0217,lnhequipmentltd@gmail.com
Loewen Drywall LTD,https://www.loewendrywall.com/,1-250-308-9233,info@loewendrywall.com
Lotus Counselling,https://visibook.com/,(250) 550-4505,hello@visibook.com
Lumby & District Museum,https://www.rdno.ca/contact-us,1-250-547-9524,lumbymuseum@gmail.com
Lumby Curling Club,https://lumbycurlingclub.ca/,,info@lumbycurlingclub.ca
Mabel Lake Farms,,(250) 838-6248,mabellakefarms@gmail.com
Mabel Lake Golf & Airpark,,(250) 308-8277,blairlaursen@mabellakegolf.com
Mackie Lake House Foundation,https://www.mackiehouse.ca/contact/,(250) 545-1019,info@mackiehouse.ca
Madison's Pet Grooming,https://madisongroom.square.site/,1-250-307-6329,madisongroom@live.ca
Mainland Sleep Clinic,https://www.mainlandsleep.ca/,,info@mainlandsleep.ca
Makasoff Construction,https://makasoffconstruction.ca/contact-2/,1-250-308-9900,mgmcon@telus.net
Mara Cottage Campground,https://maracottagecampground.com/,250-307-8002,maracottagecampground@gmail.com
Maria Rose Bed & Breakfast,http://www.vernonmariarosebandb.com/,250-549-4773,mariarosebb@gmail.com
Masiero Pizzeria Napoletana,https://www.masiero.ca/,(778) 943-2019,info@masiero.ca
Matchett Construction,https://www.buildzoom.com/contact-us,1-250-938-9831,bjmatchett@gmail.com
Maven Lane,https://mavenlane.org/contact-us/,(250) 558-9963,ed@mavenlane.org
MC Creations,https://mccreations.ca/,(250) 503-7866,info@mccreations.ca
McCaw's Drilling & Blasting Ltd,https://www.mccawsdrilling.com/,(403) 845-3101,info@mccawsdrilling.com
Mel's Pizza,https://melspizza.ca/,(250) 838-6710,melsmainstreet@gmail.com
Meridian Rehabilitation Consulting Inc,https://www.meridianrehabilitation.ca/,(250) 542-3089,info@meridianrehab.ca
Midtown Bistro,https://www.midtownbistro.ca/,(250) 308-7477,hmidtownbistro@gmail.com
Mighty Mouse Daycare Inc,https://mightymousedaycare.com/,(250) 503-0851,mightymousedaycare@gmail.com
Mike Amies,https://www.agoda.com/,,mike.amies@gmail.com
MJK Plumbing & Heating,https://ca.maptons.com/,(250) 306-8376,mjkplumbheat@gmail.com
Modulux Design Ltd,https://moduluxdesign.com/,(250) 766-3053,info@moduluxdesign.com
Mona Vision Inc,https://monavisionoptical.com/,250-766-0555,mona.vision@gmail.com
Monashee Aquifer Testing & Well Pumps,,1-250-572-6709,office@monasheeaquifertesting.ca
Monashee Arts Council,https://monasheeartscouncil.com/about-us/,1-778-473-3029,monasheeartscouncil@gmail.com
Monashee Community,https://www.monasheecommunitycoop.ca/contact/,1-778-473-2230,monasheecommunitycoop@gmail.com
Monashee Health Collective,https://www.monasheehealthco.com/,(250) 540-5818,hello@monasheehealthco.com
Monashee Mews,https://www.agecare.ca/contact-us/,1-778-473-0100,info@agecare.ca
Monashee Optometry,https://monasheeoptometry.ca/contact-us/,2505501124,reception@monasheeoptometry.ca
Monashee Powder Snowcats Inc,https://www.monasheepowder.com/contact,(250) 545-0661,info@monasheepowder.com
Motionwave Group Ltd,,(778) 990-6300,colin@motionwavegroup.com
Mountain Home Services,https://mountainhomeservices.ca/,1-844-543-5261,info@mountainhomeservices.ca
Moxy HR Inc,https://moxyhr.ca,(250) 804-6655,info@moxyhr.ca
MQN Architects,https://mqn.ca/contact/,(250) 542-1199,info@mqn.ca
Museum and Archives of Vernon,https://vernonmuseum.ca/about/,(250) 542-3142,gwyn.evans@vernonmuseum.ca
My Big Fat Greek Food Truck,https://www.mybigfatgreekfoodtruck.com/,,info@mybigfatgreekfoodtruck.com
My Chef,https://mychefmealprep.ca/,,info@mychefmealprep.ca
My Harmony Wellness,https://www.myharmony.ca/,(778) 506-2412,info@myharmony.ca
Nagy Cylinder Rebuilding,https://nagycylinder.com/,(250) 547 9395,admin@nagycylinder.com
Nanimahoo Native Art Gallery,,(250) 804-5365,audreynanimahoo@gmail.com
New Horizon Productions,https://www.nhpav.com/,(250) 762-6775,info@nhpav.com
Nexus/WorkBC,https://workbccentre-vernon.ca/contact-us/,(250) 838-2324,sarah@nexusbc.ca
Nick Renton - William Wright Commercial,https://www.williamwright.ca/contact-us/,(778) 584-5308,office@realeswp.com
Noble Yoga Studio,https://www.nobleyoga.studio/contact,(778) 475-5556,hello@nobleyoga.studio
Nokomis Landscaping Ltd,https://nokomislandscaping.com/,(250) 938-5225,nokomis.landscaping@gmail.com
North Okanagan Community Life Society,http://nocls.com/contact,(250) 545-5153,admin@nocls.com
North Okanagan Junior Academy,https://noja.ca/,250 546 8330,office@noja.ca
North Okanagan Orthodontic Clinic,https://northokanaganortho.com/,(250) 542-4118,info@northokanaganortho.com
North Okanagan Skin & Laser,https://nosl.ca/,(250) 542-2721,info@nosl.ca
North Valley Contracting Ltd,https://www.northvalleycontracting.com/,250 540 3001,info@northvalleycontracting.com
Novalux Designs,https://novaluxdesigns.ca/contact-us,(778) 938-7734,info@novaluxdesigns.ca
Nuvel Skin and Laser,https://nuvelmd.ca/,(250) 503-1960,info@nuvelmd.ca
Okanagan Affordable Rentals Inc,https://www.okanaganaffordablerentals.ca/contact,(250) 558-8156,okanaganaffordablerentals@gmail.com
Okanagan Assured Bookkeeping,https://monasheetourism.com/,1-250-547-2139,m_c@okassured.ca
Okanagan Bake House,https://okbakehouse.com/,236-426-2422,info@okbakehouse.com
Okanagan Christadelphians,https://www.okanaganchristadelphians.org/,,okanaganchristadelphians@gmail.com
Okanagan Exteriors Inc,https://www.okanaganexteriors.ca/,2508261595,okanaganext@gmail.com
Okanagan Geothermal Ltd,https://www.okanagangeothermal.net/,250 838 0809,info@okanagangeothermal.net
Okanagan Glamping Co,https://okanaganglamping.com/,250-241-2552,okanaganglamping@gmail.com
Okanagan Insulation Services,https://www.okinsulation.ca/,12504915818,info@okinsulation.ca
Okanagan Learning Foundation,https://www.oklearns.com/,2505507474,stephanie@oklearns.com
Okanagan Printing,https://okanaganprinting.com/contact-us/,250 546 3121,info@okanaganprinting.com
Okanagan Recreation Rentals,https://www.okanaganrecrentals.com/,250-549-3613,info@okanaganrecrentals.com
"Okanagan Regional Library, Enderby Branch",,(250) 838-6488,enderby@orl.bc.ca
Okanagan Respite and Senior Services,https://www.okanaganseniorservices.com/,(250) 938-0745,info@okanaganseniorservices.com
Okanagan Shade & Shutter Ltd,https://okss.ca/,(250) 540-9656,info@okss.ca
Okanagan Skydive,https://www.okanaganskydive.com/contact.html,250-542-4487,info@okanaganskydive.com
Okanagan Spring Brewery,https://okspring.com/contact/,(250) 542-2337,info@okspring.com
Okanagan Tax & Business Services,https://oktax.ca/,(250) 545-5512,info@oktax.ca
Okanagan Valley College of Massage Therapy,https://www.ovcmt.com/,(250) 558-3718,info@ovcmt.com
Okanagan Valley Painting Services Ltd,,(250) 832-5995,ovps@xplornet.ca
OKGN Property and RV Maintenance,https://www.okgnproservices.ca/,,okgnproservices@outlook.com
OKIB Group of Companies,https://www.okibgc.ca/,(250) 545-4328,info@okibgc.ca
OKV Electrical Ltd,https://okvelectric.ca/,(250) 540-6894,admin@okvelectric.ca
Olive Us Oil & Vinegar Tasting Room,https://oliveusoils.com/,(250) 260-2880,info@oliveusoils.com
One Step Foot Care Inc,https://onestepfootcare.com/,(250) 938-3668,info@onestepfootcare.com
"Oscar Barnes, Barrister & Solicitor",https://obarneslaw.com/contact-us,2507660660,reception@obarneslaw.com
Osprey Solutions,https://www.osprey.solutions/,(778) 910-0756,service@osprey.solutions
Owl Painting Company,https://www.owlpaintingcompany.com/contact,778 994 2169,owlpaintingco@gmail.com
O’Connell Enterprises,,(250) 253-4823,joanne@oconnellenterprises.ca
Painted Ladies Vernon,https://www.paintedladiesvernon.com/,(250) 309-7922,paintedladiesvernon@gmail.com
Paraglide Canada,https://www.paraglidecanada.com/,250-899-3683,info@paraglidecanada.com
Pawsome Walks Brigade Dog Walking,https://www.pawsomewalksbrigade.com/,(250) 540-7577,pawsomewalksbrigade@gmail.com
Peace Mediation Services,https://peacemediation.ca/,(778) 888-4119,julieannebond@hotmail.com
Peak Cellars & Garden Bistro,https://peakcellars.com/,250-766-9922,events@peakcellars.com
Peak Law Group LLP,https://www.peaklaw.ca/,(604) 210-8066,info@peaklaw.ca
Petawatts Auto Marine RV LTD,https://petawatts.ca/,(778) 692-3024,info@petawatts.ca
PHOENIX Stretch Ceilings,https://www.phoenixstretchceilings.com/contact/,(250-212-9921,info@v6b.com
Phreeagent Creative,https://www.phreeagent.com/,(250) 307-3713,info@phreeagent.com
Pickleball Depot Ltd,https://www.pickleballdepot.ca/,(250) 550-5280,sales@pickleballdepot.ca
Piers Partners and Resources,https://pierspartners.ca/,2364263838,info@pierspartners.ca
Pilgrims Produce,https://pilgrimsproduce.com/contact-us,250 546 3669,pilgrimscsa@gmail.com
Pivot RX,https://pivotrx.ca/,2505032350,info@pivotrx.ca
Pizza Pizza,https://www.pizzapizza.ca/for-you/contact-us/,(236) 426-2027,feedback@pizzapizza.ca
Pleasant Valley Painters INC,https://www.pvpainters.ca/,(250) 550-8318,bookings@pvpainters.ca
Powerhouse Theatre,https://powerhousetheatre.net/,250-549-7469,info@powerhousetheatre.net
Prairie Crane Inc,https://prairiecrane.com/contact/,(250) 253-6669,sales@prairiecrane.com
Premier Pool and Spa,https://www.premiumpoolandspa.ca/,(778) 475-5646,info@premiumpoolandspa.ca
Premier Rollshutter Manufacturing Inc,https://premierrollshutters.com/,1-877-289-3989,info@prmi.ca
Pretium Group,https://pretiumcapitalgroup.ca/,(250) 308-9562,info@pretiumcapitalgroup.ca
Printer World International Inc,https://printerworld.com/,(250) 542-4000,info@printerworld.com
Progression Muscle Bone and Joint,https://www.progressionmbj.ca/,,reception@progressionmbj.ca
Project Plus Strategies Inc,,(867) 689-2227,jody@projectplusstrategies.com
Prospera Credit Union,https://www.prospera.ca/contact,(250) 550-7500,info@prospera.ca
Quality Roofing,https://okanaganqualityroofing.ca/,,nailedit@energyeconomics.ca
Rain Wellness,https://rainwellness.ca/,(778) 475-7246,info@rainwellness.com
Raising Stars Preschool Ltd,https://raisingstarspreschool.ca/,(250) 938-7264,info@raisingstarspreschool.ca
Rancho Vignola,https://www.ranchovignola.com/contact-us,250 546 3343,info@ranchovignola.com
Raven Hair Studio,https://www.ravenhairstudio.ca/,(250) 542-4219,ravenhairstudiovernon@gmail.com
Red Apple,https://www.redapplestores.com/,250 546 2928,info@redapplestores.com
Red Road Recovery Ltd,https://redroadrecovery.com/,(289) 221-1084,contact@redroadrecovery.com
Reico Construction,https://www.reicoconstruction.com/,(250) 540-2533,info@reicoconstruction.com
Relate Janitorial Services Inc,https://relatejanitorial.com/,(250) 540-4851,booking@relatejanitorial.com
Restoration Lands Inc,https://www.restorationlands.com/,1-800-208-3439,info@restorationlands.com
Revolution RV,,(250) 838-7861,revolutiontrailerservices@gmail.com
Rhythm Productions,https://rhythmproductions.ca/,250 938 2978,info@rhythmproductions.ca
RISE Gymnastics Academy,https://risegymacademy.com/,(250) 241-7473,info@risegymacademy.com
Riverfront Pub,https://www.theriverfrontpub.com/contact.html,(250) 503-6361,riverfrontpub@hotmail.com
Rivers Breeze Cottage Retreat,https://www.hipcamp.com/en-CA/land/british-columbia-rivers-breeze-cottage-retreat-y0zhmdn5?adults=1&children=0&arrive=2026-07-01&depart=2026-07-02&pinnedImageId=3680d84b-23e9-4fdb-b908-7eedd3f99e9c,(250) 803-1800,riversbreezeretreat@outlook.com
Riverside RV Park & Campground,https://enderbycamping.com/,250-838-0155,info@enderbycamping.com
Robot House Automation,https://www.robothouse.net/contact-us,(250) 545-4786,info@robothouse.net
Rockwell Audiology Inc,https://www.rockwellaudiology.ca/,(250) 545-2226,info@cshhpbc.org
Rocky Mountain Concrete,https://www.rockymountainconcrete.ca/,1-250-547-6644,sales@rockymountainconcrete.ca
Rogers Foods,https://rogersfoods.com/contact-us/,250 546 8744,sales@rogersfoods.com
Roko Service Ltd.,https://rokoservice.com/contact/,(250) 542-5344,support@rokoservice.com
Room Collection (The),https://theroomcollection.ca/,(250) 260-6161,info@theroomcollection.ca
Roots & Rascals Children's Boutique,https://rootsandrascalsboutique.ca/,(250) 463-3464,rrboutique11@outlook.com
Rose City Wellness,https://rosewellness-vernon.com/contact/,(778) 475-7888,info@rosewellness-vernon.com
Rotech Motor Ltd,https://www.flyrotax.com/dis/rotechmotor,(250) 260-6299,sales@rotechmotor.ca
Royal Canadian Legion,,,rcl167bc@shaw.ca
Royal Canadian Legion Branch #35,https://www.armstronglegion.org/,250 546 8455,legion35meatdraw@gmail.com
Royal Candian Legion,https://legionbcyukon.ca/,1-250-547-2338,info@legionbcyukon.ca
Royal Garden,https://www.royalgardenvernon.ca/contact-us,250-545-7866,royalgardenvernon@gmail.com
Royalty Painting,https://www.royaltypaintingbc.com/,250 307 5803,royaltypainters@gmail.com
RSB Custom Cruisers,https://topcompanies.ca/,1-250-308-8578,support@topcompanies.ca
Saffron Touch Indian Cuisine,https://saffrontouch.ca/,250-545-6558,info@saffrontouch.ca
Sage Environmental Consulting Inc,https://sageenvironmental.ca/,(250) 307-7365,admin@sageenvironmental.ca
Sandman Hotel & Suites,https://www.sandmanhotels.com/about-us,,info@sandman.ca
Sarah Smith Media,https://www.sarahsmithmedia.ca/,(604) 902-2935,info@sarahsmithmedia.ca
SASCU (Salmon Arm),,(250) 832-8011,andrewvandokkumburg@sascu.com
SASCU (Shuswap Insurance),https://www.sascu.com/,(250) 838-7707,info@sascu.com
Satoca Bike,https://satocabike.com/,778-943-1487,info@satocabike.com
Saucies 27 Pizza,https://saucies27.com/,236-426-0995,orders@saucies27.com
Scenic Valley Stoneworks,https://www.svstoneworks.com/,(250) 542-1075,sales@svstoneworks.com
Scentodore,https://Scentodore.com,(236) 550-7456,info@scentodore.com
Sea Stars Kids Boutique,https://www.seastarskids.com/,778 442 1717,seastarskidsboutique@gmail.com
Select Roofing,https://www.selectroofers.ca/,250 308 8666,sales@selectroofers.ca
Sentinel Storage,https://www.sentinel.ca/contact-us/,(250) 542-9912,reservations@sentinel.ca
Setanta Landscapes Ltd,https://setantalandscapes.ca/,(778) 223-6845,setantalandscapes@gmail.com
Shepherd's Outdoor Living Centre,https://www.shepherdshardware.ca/,250 546 3002,info@shepherdshardware.ca
Shikaze Chiropractic,https://www.shikazechiropractic.com/,(250) 542-7878,shikazechiropractic@gmail.com
Silver Sage Stables,https://ca.placedigger.com/,,support@placedigger.com
Silver Springs Seniors Community,https://silverspringsvernon.ca/,(250) 545-3351,generalmanager@silverspringsvernon.ca
Silver Star Line Marking,https://silverstarlinemarking.ca/,(236) 599-8048,info@silverstarlinemarking.ca
Silver Star Motel,https://www.silverstarmotel.com/,250-545-0501,bookings@silverstarmotel.com
Silverrock Land Corp,https://www.silverrockcorp.com/contact,(250) 558-0999,admin@silverrockcorp.com
Skeena Specialty Grocers,https://skeenaspecialtygrocers.ca/,,info@skeenaspecialtygrocers.ca
Skyride,https://www.skyride.ca/,250-260-6777,info@skyride.ca
Small Scale Meat Producers Association,https://www.smallscalemeat.ca/,,info@smallscalemeat.ca
Snowcap Interior Food Services,https://snowcap.com/,250 546 8781,inquiries@snowcapinterior.com
Societe De Developement Economique De La Colombie-Britannique,https://www.sdecb.com/,(604) 732-3534,info@sdecb.com
Solutions Pest Control,https://pestsolutions.ca/,(250) 945-9877,office@pestsolutions.ca
Southward Medical Supplies,https://www.southwardmedicalsupplies.ca/,(250) 542-3334,info@southwardmedicalsupplies.ca
Sovereign Lake Nordic Club,https://sovereignlake.com/contact-us/,(250) 558-3036,admin@sovereignlake.com
Sparks on 6,https://sparkson6.ca/,1-250-547-6122,sparksonsix@gmail.com
Spartan Drycleaning / ATAR Services Inc,https://atarservices.com/contact,250-766-2374,info@atarservices.com
Sperlich Log Construction Inc,,(250) 838-7455,canadianpridelt@gmail.com
Spirit Lodge at Silver Star,https://spiritlodgesilverstar.com/,250-545-1717,admin@spiritlodgesilverstar.com
Splash N Dash Car Wash,https://splashndasharmstrong.com/,250 938 1378,info@splashndasharmstrong.com
Splashdown Vernon,https://splashdown.ca/contact/,250-549-4121,info@splashdown.ca
Splatsin Development Corp/Quilakwa Investments Ltd,,,grahame.go@splatsindc.com
Splatsin Development Corporation,https://www.splatsindc.com/contact,(250) 838-0775,info@splatsindc.com
Splatsin Teaching Center,https://www.splatsin.org/contact,,tsm7aksaltnsociety@gmail.com
Sproing Solutions,https://sproing.ca,,hello@sproing.ca
St. Josephs Catholic Church,https://www.rcdk.org/,250 546 8215,info@rcdk.org
Stag's Head Liquor Store,https://www.giantsheadbrewing.ca/,778 442 4564,giantsheadbrewing.sales@gmail.com
Standeven Logistics,https://www.standevenlogistics.com/,250 307 2188,info@standevenlogistics.com
Steelback Trailers Mfg Ltd,,(250) 826-1488,steelbacktrailers@gmail.com
Sterling Appraisals,https://sterlingappraisals.ca/,(250) 309-8111,info@sterlingappraisals.ca
Stonehaus Realty,https://stonehausrealty.ca/,(250) 938-0132,reception@stonehausrealty.ca
Studio 309,https://www.studiothreezeronine.com/,250 938 5063,info@studiothreezeronine.com
Sundance Martial Arts Ltd,https://sundancemartialarts.com/,(250) 306-2285,info@sundancemartialarts.com
Sunfire Systems,https://sunfiresystems.ca/,1-250-550-0133,info@sunfiresystems.ca
Sunridge Veterinary Clinic,https://www.sunridgevet.ca/,(250) 545-8011,info@sunridgevet.ca
Sunward Solar,https://www.sunwardsolar.ca/,(604) 614-7130,info@sunwardsolar.ca
Sutherland's,,(250) 838-7234,gregmccune@telus.net
Svice Online Marketing,https://www.svice.ca/,(250) 896-2092,info@svice.ca
Swanson Mountain Fitness,https://swanmountfit.com/,250 306 6568,swansonmountainfitness@gmail.com
Sweet Iron Café Ltd,https://foodeist.com/,,contact@foodeist.com
Sweets Bridge Farm,https://www.sweetsbridgefarm.com/,(250) 379-2450,sweetsbridgefarm@gmail.com
Synergist Media,https://www.synergistmedia.com/,778 475 6000,sales@synergistmedia.com
SysGen Solutions Group,https://sysgen.ca/contact/,(403) 608-6250,info@sysgen.ca
"Taves, Dr. Ken  Inc",https://tavesdentalvernon.com/,(250) 550-1120,reception@tavesdental.ca
Telus Custom Security Systems,https://www.alarm.com/contact,250 545 4100,info@alarm.com
TGC Consulting Ltd,https://tgcconsulting.com/contact-us/,(250) 766-4110,admin@tgcconsulting.com
The Boarding House Café,https://boardinghousecafe.ca/,250-545-0117,theboardinghousecafe@gmail.com
The Bridge Educational Society,https://bridgeeducational.org/contact-us/,(250) 547-9212,info@bridgeeducational.org
The Clove,https://theclovearmstrong.ca/,,theclovearmstrong@gmail.com
The Fancy Induced Burger & The Go Grill,https://www.tfib.ca/,(877) 596-0804,info@tfib.ca
The Frayed Page,https://www.thefrayedpage.ca/,(250) 540-5073,info@thefrayedpage.ca
The Lighthouse Medical Clinic,https://thelighthousemedicalclinic.com/contact/,(250) 545-2552,contact@example.com
The Med Restaurant,https://www.themedvernon.com/,(250) 558-4646,info@themedvernon.com
The Nest,https://thehealthnest.ca/,604-250-8541,info@thehealthnest.ca
The Phoenix Steakhouse,https://phoenixsteakhouseandbar.com/,(250) 260-1189,thephoenixsteakhouse@gmail.com
The Roster Sports Club Bar & Grill,https://www.rostersvernon.com/,(250) 549-0444,info@rostersvernon.com
The Royal Canadian Legion Branch 25,https://vernonlegion.com/,(250) 558-8318,contact@vernonlegion.com
"The Rusty Spur Farm, Feed & Pet",https://rustyspur.ca/,(250) 547-9506,sales@rustyspur.ca
The Small Axe,,(778) 443-2010,smallaxeroadhouse@gmail.com
The Starting Block,https://startingblock.ca/,(250) 541-9232,info@startingblock.ca
The Village of Lumby,https://lumby.ca/contact-mayor-council/,1-250-547-2171,info@lumby.ca
Three Lakes Medical Clinic,https://www.threelakesmedicalclinic.com/,(250) 542-1353,admin@threelakesmedical.com
Tidal Elements Healing Arts Studio,https://tidalelements.ca/contact/,(250) 306-9283,reception.tidalelements@gmail.com
Tiki Village Inn,https://www.tikivillagevernon.com/,(250) 503-5566,info@tikivillagevernon.com
Tirecraft Armstrong,https://tirecraft.com/contact/,250 546 9491,djohnson@grtouchette.com
Tom Harris Cellular Ltd,https://www.shopping-canada.com/contact,(250) 545-8848,contact@shopping-canada.com
Tony's Craft Cider Company,https://www.tonyscraftcidery.com/,778-790-0833,tonyscraftcidery@gmail.com
Tony's Tire Service (Kal Tire),https://www.kaltire.com/en/contact-us.html,(250) 838-7226,taiya_smith@kaltire.com
Trinity Valley Long Range,https://www.trinitylongrange.com/contact/,(250) 547 9402,trinitylongrange@gmail.com
True Fit Welding & Fabricating,https://www.royalwelding.com/,250 546 3159,info@royalwelding.com
TruFinity Plumbing Heating & Cooling,https://www.trufinity.ca/contact,(778) 721-8375,service@trufinity.ca
Turtle Bay Marina Boat Rentals,https://turtlebaymarina.com/,250-766-3120,reservations@turtlebaymarina.com
Tutor Tech Computers,https://tutortech.ca/,1-250-547-0042,info@tutortech.ca
Twin Creeks Motel,https://www.twincreeks-motel.com/,1-250-547-9221,twincreeks.reservations@gmail.com
Two Donkeys Bakery,https://www.twodonkeysbakery.ca/,236-509-7025,info@twodonkeysbakery.ca
UBC Okanagan,https://okanagan.housing.ubc.ca/contact-us/,(250) 545-3390,derek.gratz@ubc.ca
UBR Services Printing & Copies,https://www.ubrservices.ca/,250-766-1098,info@ubrservices.ca
Uprooted Kitchen & Catering Co,https://uprootedkitchen.ca/,(778) 214-3289,info@uprootedkitchen.ca
Ursus Heritage Consulting Ltd,https://www.ursus-heritage.ca/contact-us,(250) 938-4662,fraser@ursus-heritage.ca
Valley Canine,https://www.valleycanine.net/contact-valley-canine-training/,1-250-540-0094,valleycanine@hotmail.com
Valley First,https://www.kelownahomes.ca/contact,2505415601,info@kelownahomes.ca
Vance Creek Hotel & Conference Centre,https://www.vancecreekhotel.com/contact,250-549-5191,info@skisilverstar.com
Vanna King - Sunlite Mortgage,,(250) 574-9969,vanna.king@sunlitemortgage.ca
VantageOne Credit Union Commercial Centre,https://www.vantageone.net/about/contact-us/,(250) 545-9251,info@vantageone.net
"Vernon Air Conditioning, Plumbing & Electrical Services",https://vernonairconditioning.com/about-us/,(778) 403-7886,info@vernonairconditioning.com
Vernon Catering and Hospitality,https://vernoncatering.ca/menus/,(250) 306-2181,info@vernoncatering.ca
Vernon Christian School,https://www.vcs.ca/contact-vcs/,(250) 545-7375,info@vcs.ca
Vernon Dental Centre,https://www.vernondentalcentre.com/,(250) 542-1179,reception@vernondentalcentre.com
Vernon Dental Excellence,https://vernondentalexcellence.ca/,,vernondentalexcellence@gmail.com
Vernon Denture Clinic,https://vernondentureclinic.com/,(250) 542-9117,admin@vernondentureclinic.com
Vernon Family Dental,https://www.vernonfamilydental.ca/,2505423023,info@vernonfamilydental.ca
Vernon Farmers' Market,https://vernonfarmersmarket.ca/,(250) 351-5188,vfm.vernonfarmersmarket@gmail.com
Vernon Flower Shop,https://www.vernonflowershop.net/,(250) 545-2181,vernonflowers.bc@gmail.com
Vernon Jubilee Hospital Foundation,https://www.vjhfoundation.org/,(250) 558-1362,info@vjhfoundation.org
Vernon Neighbourhood Welcome,https://neighbourhoodwelcome.org/contact-us,(250) 309-4487,accounting@neighbourhoodwelcome.org
Vernon Optometry,https://vernonoptometry.ca/,(250) 542-4217,reception@vernonoptometry.ca
Vernon Pickleball Association,https://www.vernonpickleball.ca/,(250) 549-0378,vernonpickleball@gmail.com
Vernon Voltage and Gas Fitting Ltd,https://vernonvoltage.ca/,(250) 351-9879,info@vernonvoltage.ca
Vernon Websites,https://vernonwebsites.com/contact-us/,(250) 308-7545,mike@vernonwebsites.com
Vike Bikes,https://www.vikebikes.com/,(778) 392-5655,kylanvike@gmail.com
Village Green Shopping Centre,https://villagegreencentre.com/,(250) 545-3204,vgmmarketing@bgo.com
Vintage Chic Weddings & Events,https://www.vintagechicweddings.ca/,250 503 8539,vintagechicweddings.events@gmail.com
Vinterra Wellness,https://www.vinterrawellness.ca/,(587) 742-8627,info@vinterrawellness.ca
Vision Garage Doors,https://visiondoors.ca/contact/,,info@visiondoors.ca
Voyager RV Centre Ltd,https://www.voyagerrv.ca/,1-800-668-1447,sales@voyagerrv.ca
Vuuren Construction LTD,,1-250-306-1185,amos@73logistics.com
Wayside Press Ltd,https://www.waysideco.ca/contact/,(250) 545-2341,sales@waysideco.ca
Wells Gray Tours Ltd,https://www.wellsgraytours.com/contact-us/,(250) 545-9197,info@wellsgraytours.com
Westridge Quarries Ltd,https://westridgerock.com/,250 546 8800,info@westridgerock.com
Westwood Cabinetry,https://westwoodcabinetry.com/,(250) 212-1181,info@westwoodcabinetry.com
White House Mortgages - Deb White,https://debwhite.ca/,(250) 545-2202,deb@debwhite.ca
White Line Professional Driving School Inc,https://okdriving.ca/,250-351-9300,info@okdriving.ca
White Valley Veterinary Services,https://www.whitevalleyvet.ca/,1-250-547-9700,info@whitevalleyvet.ca
Whitevalley Community Resource Centre,https://www.whitevalley.ca/contact-us,1-250-547-8866,info@whitevalley.ca
Wholesale Grafix Distribution & Signage Ltd,https://www.wholesalegrafix.com/,(250) 260-3100,info@wholesalegrafix.com
Wild Antho,https://www.wildantho.com/contact,250 309 5408,hello@wildantho.com
Wild Dahlia Salon,https://www.wilddahliasalon.com/,778-475-9279,wilddahliasalon@gmail.com
Wild Goose Technologies Ltd,,,kgoose789@gmail.com
Wild Realty,https://timjones.agent.cbignite.ca/,(250) 307-8455,ace@wildrealty.ca
Wood Lake RV Park and Marina,https://woodlakerv.com/,250-766-1881,info@woodlakerv.com
Wood Mountain Naturals Pet Products,https://woodmountainnaturals.com/,7785947387,info@woodmountainnaturals.com
Woodstyle Homes Ltd,https://www.woodstyle.ca/,(250) 558-9765,woodstyle@telus.net
World Trade Centre Okanagan,https://www.wtcokanagan.com/,(778) 996-9228,info@wtcokanagan.com
Worx Services,https://worxservices.ca/,(604) 764-9548,info@worxservices.ca
Yankee Flats Meats,https://yfmeats.ca/,(236) 873-6328,yfmeats@gmail.com
Yenin.art Studio,https://yenin.art/,(250) 241-8841,nick-manager@yenin.art
Zakreet Barbershop,https://www.fresha.com/help-center,250-463-3105,zakreet.barbershop@gmail.com
Zelaney Farms,https://www.zelaneyfarms.com/,(250) 549-2436,info@zelaneyfarms.ca
1&2 Electric,https://www.whodoyou.com/,1-250-545-3254,
1602 Custom Designs,https://www.1602customdesigns.com/,250 306 8727,
1St Armstrong Scouts,,250 546 9724,
27Supperclub Ltd,https://www.27supperclub.ca/contact,250 241 3736,
3% Realty Inc.,https://okanagan.team3000realty.com/find-a-realtor/,(250) 503-2246,
30th Avenue Pawn,https://vernon.canadianorglist.com/,(250) 545-7177,
4 Paws Market,https://www.4pawsmarket.ca/,778-480-2273,
97.9 Valley FM,https://valleyfm.ca/,(250) 307-1505,
A & W,,250-275-6706,
A-ffixx,https://whitepagescanada.ca/contact/,,
A. Willock Information Systems,,(250) 503-1540,
A24 Fitness,https://www.a24fitness.com/contact,778 442 2688,
AA Drum School,,(250) 308-7999,
Aa1 Classic Mini Storage,https://armstrong.canadacompanies.net/,250 546 6060,
Aaron Parker,https://aaronparker.ca/,2363333751,
Abbeyfield House Of Armstrong Spallumcheen Society,https://abbeyfield.ca/contact/,250 546 0223,
Abby Dental Care,https://abbydental.ca/contact/,(250) 542-1404,
Aberdeen Plumbing & Heating,https://websites.ca/contact-us/,(250) 260-1030,
Accent Countertops,https://www.accentcountertops.ca/contact-us/,(250) 542-4845,
Accent Property Management,https://www.bcfsa.ca/,(250) 542-1533,
Accentz Dance Studio,https://accentz.ca/contact,(250) 542-4324,
Accurate Concrete Ltd,https://www.accurateconcrete.ca/contact/,250 503 7926,
Accutech - Your RV Doctor,https://yourrvdoctor.com/contact-us/,1-250-540-7837,
Ace Building Centre,,1-250-547-2121,
Ace Mud Slinger,https://business.vernonchamber.ca/contact,(250) 280-0279,
Acera Insurance,https://acera.ca/contact/,18006701877,
Aclear Appraisal Ltd.,,(778) 760-3360,
Acton Bespoke Counselling,https://actonbespokecounselling.ca/contact,(250) 550-1847,
AcuTruss Industries Ltd.,https://www.acutruss.com/contact,(250) 545-3215,
Advanced Blind Cleaning & Sales,,250 540 2401,
Aesthetic Dental,,(250) 558-9889,
Aesthetics By Jessica Shikara,https://m.vk.com/contact,306 375 7013,
Affordable Auto,,(250) 542-1989,
Ag Consulting,,250 546 2712,
Agile BK,https://agilebk.com/,(778) 262-2542,
Agri-Trans Services,https://agri-trans.ca/contact/,250 546 8898,
Agrigem Equipment Sales,,250 938 0076,
Aim Road Maintenance,https://aim-roads.ca/contact-previous/,1 866 222 4204,
AJ's Pets and Things,https://www.ajspets.com/contact,(250) 549-3222,
Alexander's Beach Pub,,250-545-3131,
Alexis Danielsen Graphic Design,https://www.alexisdanielsen.com/,250 351 7363,
"Alison Coolican BSc, RMT",https://alisoncoolican.com/contact/,(604) 520-3660,
All Spark Electrical Inc,https://allsparkelectricinc.com/contact-us/,+1720-839-5318,
Allcare Chiropractic and Laser,https://www.allcarechirolaser.com/contact-us/,(250) 542-2386,
Allen's Antiques,,250 558 7614,
Aloha Coin Wash and Dry Cleaning,,(250) 545-8022,
Alpine Civil Engineering Consultants,,(250) 980-3728,
Alpine Holistic Health Clinic,https://medimap.ca/contact-us,7789923555,
Alys Bookkeeping,https://www.aschamber.com/contact-us.html,778 363 4018,
Amani Travel Health Clinic,https://amanitravelclinic.ca/,(778) 692-1993,
Amarin Thai Restaurant,https://amarinthairestaurant.com/contact/,(250) 542-9300,
Amazing Massage Spa,https://amazingmassagespa.doersmarketing.com/,236-514-3966,
Amigo Chicken & Mexican Restaurant,,(236) 426-2020,
Amrize Canada Inc.,https://mineconnect.com/contact/,(250) 545-7238,
Ancestral Heartbeat Tours,,778-212-855,
Andre's Electronic Experts,,(250) 542-3000,
Andrew Koppejan,,7785062277,
Andy's Sheet Metal,https://airtechmechanical.ca/contact-us/,250 540 7465,
Angie's His & Hers Salon (former business),https://www.businessinsider.com/contact,2505421359,
Angry Otter Liquor @ Monashees,https://www.angryotterliquor.crs/rw/!ut/p/z0/04_Sj9CPykssy0xPLMnMz0vMAfIjo8zijTxcTAwNLYx8DIx9jQ0CnY1DzEL9HcMMncz0vfSjgAoMcABHA5AJRkW-zr7p-lEFiSUZupl5afn6Ecn5eSWJySX6BdlRkQC836Tv/,(250) 545-5800,
Anne C Casey Professional Services Inc,,250 838 0013,
Another World VR,https://vernon.another-world.com/contact,(236) 822-0540,
Antlers Cold Beer & Wine Store,https://lumby-bc.findstorenearme.ca/,1-250-547-2220,
Antlr Menswear,https://www.antlr.ca/contact-us,,
Antojitos Guadalajara,https://antojitosguadalajara.ca/,(236) 873-2933,
Apple Auto Glass,https://www.appleautoglass.com/not-found,(250) 542-8239,
Apple Creek Family Dental,https://armstrong-bc.agencycanada.com/,250 546 9466,
Applegate Automotive,https://www.okanagan-local.ca/contact,7785814359,
Apéro,https://aperotogo.my.canva.site/,250-241-4311,
Aqua Source Drilling Ltd.,,(250) 275-0920,
Archistruct Glass Ltd,https://archistructglass.com/contact/,(604) 721-0570,
Archway Society for Domestic Peace,,(250) 558-3850,
Argos Home Inspection,,(250) 938-7754,
Arjun Esso,,250 546 3772,
Armstrong & District Curling Club,https://armstrongcurlingclub.ca,250 306 8556,
Armstrong & District Fish & Game Association,https://www.adfga.ca/contact,250 546 9025,
Armstrong & District Garden Club,,,
Armstrong & Enderby Massage Clinic,https://kentclarkrmt.janeapp.com/,(250) 838-7050,
Armstrong Antiques,,250 938 1962,
Armstrong Auto Recycling,https://www.armstrongautorecycling.ca/,250 546 3806,
Armstrong Bakery,,250 546 8283,
Armstrong Bible Chapel,https://armstrongbiblechapel.ca/,250 546 9696,
Armstrong Carpet Care,,250 550 3976,
Armstrong Chiropractic,https://www.armstrong-chiropractic.ca/,250 546 9325,
Armstrong Collision,https://qacollision.ca/contact/,250 546 3300,
Armstrong Demo Derby,,,
Armstrong Enderby Parish,,250 546 9366,
Armstrong Enderby Riding Club,https://armstrongenderbyridingclub.ca/,778 212 5545,
Armstrong Flower & Gift Shop,https://www.armstrongflowershop.com/,250 546 8771,
Armstrong General Store,https://www.thebeerstore.ca/contact,250 546 3955,
Armstrong Inn,https://armstronginn.ca/contact-us/,250 546 3056,
Armstrong Kin Club,https://kincanada.ca/EN/Web/AboutUs/Contact-Us.aspx,250 546 6555,
Armstrong Kin Rv Park,https://www.armstrongkinrv.ca/,250 546 4041,
Armstrong Mini Storage,https://www.armstrongministorage.ca/contact-us.html,250 546 6942,
Armstrong Montessori Academy,https://armstrongpreschool.ca/contact/,250 309 2705,
Armstrong Painting & Decorating,https://armstrongdecor.com/contact-us/,250 546 8241,
Armstrong Pharmacy & Wellness Company,https://www.guardian-ida-remedysrx.ca/en/british-columbia/armstrong-station/armstrong-pharmacy-a-wellness-centre-7015036?utm_source=google&utm_medium=maps&utm_campaign=local_presence,250 546 3169,
Armstrong Physiotherapy Clinic,,250 546 2468,
Armstrong Pro I.T,https://tocg.ca/,250 517 9722,
Armstrong Regional,https://www.roomies.ca/contact,,
Armstrong Regional Co-Op,https://armstrong.coop/,250 546 9486,
Armstrong Regional Cooperative,,(250) 546-9438,
Armstrong Seniors Activity Centre,,250 503 7299,
Armstrong Seventh-Day Adventist Church,https://armstrongadventist.ca/contact/,250 546 8555,
Armstrong Spallumcheen Health Care Auxiliary - Bargain Bin,http://armstrongbin.ca/contact/,,
Armstrong Spallumcheen Medical Equipment Loan Cupboard,https://www.armstrongloancupboard.com/contact,778 442 5255,
Armstrong Spallumcheen Museum & Archives Society,https://armstrongspallmuseumart.com/,250 546 8318,
Armstrong Spallumcheen Parks And Recreation Commission,,250 546 9456,
Armstrong Toastmasters 2645,https://www.toastmastersclubs.org/welcome/?Aql8,250 938 9551,
"Army, Navy, & Air Force Veterans Unit #5",https://anafvetsunit5.ca/,(250) 542-3277,
Arrowleaf Cellars,https://www.arrowleafcellars.com/,,
Art Schmidt Optical,https://artschmidtoptical.com/contact-lenses/,(250) 545-4481,
Artistic Hair Design,https://artisticdesignhair.com/,(250) 545-1745,
Arts Council of the North Okanagan,https://acno.ca/contact,(250) 542-6243,
Ascent Employment Law,,(236) 471-7550,
Ashley Home Store,https://stores.ashleyhomestore.ca/,(250) 545-0535,
Asian Avenue,https://www.asianavenue.ca/contact-us,250-549-4858,
Askew's Armstrong Bakeshop,https://armstronglocal.ca/,250 546 8557,
Asparagus Community Theatre,https://www.asparagus-community-theatre.com/,250 546 9601,
Associated Environmental Consultants Inc.,https://contracts.opennwt.ca/,(250) 545-3672,
Associated Ready Mix,https://armconcrete.ca/contact/,250 546 3873,
At Ease Property Inspections,https://ateaseinspections.ca/contact,(250) 258-6186,
Atlantic Industries,https://www.ail.ca/contact/,250 546 9479,
Attridge Ski & Board,https://www.attridge.ca/,250-542-1515,
Aubin & Associates Notaries Public,https://aubinandassociates.com/contact/,2507655133,
Aurora Aviation Group of Companies,https://aurora-aviation.aero/en/contact/,(236) 600-9500,
Autowear Accessories,,250 838 9400,
Avalon Event Rentals,https://www.eventective.com/,(250) 541-0945,
Avenue Pizza,,1-250-547-2007,
B Y The Numbers Bookkeeping,http://www.btn2010.com/,250 546 8960,
B&C Barker Wealth Group,https://barkerwealth.ca/contact,(250) 545-5258,
Backus Services Ltd,https://backus.ca/contact/,250 309 0033,
Baking Time,,778 932 0303,
Balancing Act Bookeeping,,2505450750,
Bamboo Beach Fusion Grill,https://restaurantguru.com/contactus,(250) 542-7701,
Bamko,https://bamko.net/,(250) 558-1434,
Bank of Montreal,,,
Bank of Montreal BMO,,(250) 549-4000,
Bank of Nova Scotia,https://www.scotiabank.com/contactus,(250) 260-5500,
Banner Recreation & Marine,,(250) 542-0418,
Bannister GM - Vernon,https://www.bannistergmvernon.com/contact/,(250) 545-0606,
Bannister Honda,https://www.bannisterhonda.com/contact/,(250) 545-0531,
Bargain Bin,,250 546 8813,
Base Camp Chiropractic and Sports Rehab,https://www.basecampclinic.com/contact,(250) 307-7819,
Bassani Tech,https://www.bassanitech.com/contact/,(204) 748-8857,
Battmasters,https://www.battmasters.ca/,(604) 996 2934,
BBDB's Becky's Backdoor Beans,https://www.avito.ru/,7788403478,
Bc Cargo Trailers,https://www.bccargotrailers.com/contact/,250 546 6999,
Bc Dairy Association,https://bcdairy.ca/contact/,1 800 242 6455,
BC Hydro,https://www.bchydro.com/contact.html,(250) 549-8531,
Bc Liquor Store,https://www.bcliquorstores.com/contact,250 546 9476,
BC Prosthetics and Orthotics,https://www.bcpo.ca/contact-us,2508683394,
Bc Small Wetlands Association,,250 546 5021,
BD Janitorial Ltd.,,(250) 351-0760,
BDM Motorsports,https://www.vernonpolaris.com/en/,(250) 549-3730,
Bdo Canada Llp,https://www.bdo.ca/contact,250 545 2136,
Beach Life Boards,,778-806-9480,
Beacon Electric,,778 212 8223,
Bean Scene Coffee House,https://beanvernon.ca/home,(250) 558-1817,
Beaver Lake Lodge,https://secure.birds.cornell.edu/cassso/login?service=https%3A%2F%2Febird.org%2Flogin%2Fcas%3Fportal%3Debird&locale=en_US,,
Bemer,https://liz-nenasheff.bemergroup.com/en_ca/human-line/home/,250 938 5085,
Benefitwest Consulting Group,https://benefitwest.ca/contact/,(250) 558-5450,
Best in Show on the Go Dog Grooming,https://www.bestinshowonthego.ca/,(250) 718-5137,
Best Western Pacific Inn and Suites,https://ca.trip.com/?locale=en-ca,(250) 558-1800,
Best Western Premier Route 97,,,
Best Western Premier Vernon,,(250) 558-5000,
Beyond Beauty Medi Spa,https://beyondbeautymed.com/contact/,(250) 260-1500,
Beyond Belief Escape Rooms,https://beyondbelief.ca/contact-us/,(888) 944-9565,
BGCO,https://www.bgco.ca/contact-us/,(250) 542-3121,
Big Sun Beachwear,https://bigsun.ca/,250-545-9313,
Bigfoot Industries,https://bigfootrv.com/contact,250 546 2155,
BigSteelBox,,(250) 260-6505,
BioHarmony Inc.,https://www.bioharmony.ca/contact,(250) 558-7973,
Birch Hill Studio,https://birchhillstudio.com/,250-541-7557,
Black Cat Crossing Farm,https://www.blackcatcrossing.ca/contact-us,250 878 3936,
Blacktop Maintenance Ltd.,https://www.blacktopmaintenance.ca/contact-us/,(778) 823-3259,
Blaine Rhymer,https://www.lakecountrychamber.com/contact,+672-969-5670,
Blanca's Hairstyling,,(250) 308-1037,
Blanca's Hairstyling & Esthetics on the Go,,,
Blast from the Past Antiques,https://www.blastfromthepastantiques.ca/,(250) 549-2929,
Blenz Coffee,,(250) 545-9599,
Bloom Flower Festivals,,604 217 5726,
Blue House Creations & Events,https://www.eventbrite.com/organizer/contact-sales/,(250) 542-5983,
Blue Mountain Nursery,,250 546 8181,
Bluebird Sport and Spine,https://bluebirdsportandspine.ca/contact/,(250) 545-7545,
Bobbi-Jo Gordon,,(250) 540-5586,
Bobcat of Vernon,,(778) 475-5551,
Bonita Beauty & Wellness,https://reviews.birdeye.com/,6047205220,
Booster Juice,,(236) 426-4459,
Border Plumbing & Heating Ltd,,,
Bosash Contracting,https://www.eriksrenos.ca/,1-250-938-3911,
Bosley's By Pet Valu,https://bosleys.com:443/,,
Boston Pizza,https://bostonpizza.com/en/contact-us.html,(250) 558-0669,
Bourbon Street Bar and Grill,https://www.prestigehotelsandresorts.com/contact/,778-475-7224,
Brabyn Business Solutions,https://tsutsweye.ca/contact-us/,250 833 6008,
Bracken Insurance-Cooperators,https://local.cooperators.ca/contact,(250) 542-6300,
Branded Custom Woodworks Ltd,https://brandedcustomwoodworks.ca/,250 306 7704,
Brown International Services,,250 546 6518,
Browns Socialhouse,https://www.brownssocialhouse.com/villagegreen,778-475-1968,
Browns Transport Inc,,(250) 542-4254,
Budget Blinds,,(250) 275-2735,
Bullzeye Media Marketing Canada,https://bullzeyemediamarketing.com/contact-us/,(250) 549-1200,
Business Development Bank of Canada,https://www.rbcroyalbank.com/,,
Buy Now Research Later,https://saltfowler.com/contact.html,2505409284,
Bylaw Compliance,https://www.vernon.ca/government-services/contact-us,(250) 550-3505,
C&D International Furtraders,https://a1furtraders.com/contacts/,(250) 351-4626,
Cactus Club Café,https://www.cactusclubcafe.com/contact-us/,,
Caetani Centre,https://www.caetani.org/contact-us,(250) 275-1525,
Calibre Roofing And Sheet Metal,,250 540 8623,
Callahan Property Group,https://callahanpg.ca/contact/,250.717.3000,
CanaClean,https://www.canaclean.ca/contact,(250) 545-4848,
Canada Post Corp. - Armstrong,https://www.canadapost-postescanada.ca/cpc/en/support.page#panel2-1,250 546 8274,
Canada's Best Value Inn & Suites Vernon,https://www.sonesta.com/canadas-best-value-inn/bc/vernon/canadas-best-value-inn-suites-vernon,250-549-1241,
Canadian 2 For 1 Pizza,https://order.canadian2for1pizza.com/location/armstrong/,250 546 8889,
Canadian Imperial Bank of Commerce,https://cibc.banklocationmaps.com/,(250) 260-6307,
Canadian Imperial Bank of Commerce (27th Street Branch),https://www.cibc.com/en/contact-us.html,(250) 260-6300,
Canadian Mental Health Association,https://cmhavernon.ca/contact-cmha-vernon/,(250) 542-3114,
Canadian Royal Antiques Post,,250 307 4908,
Caravan Farm Theatre,https://caravanfarmtheatre.com/contact/,(866) 546-8533,
Carla Lee Real Estate,https://www.remax.ca/,1-250-547-9266,
Carmel Of St. Joseph,https://www.carmelspall.org/contact-us/,250 546 8801,
"Caroline Radics, CLU, CHS",https://vernonchamberbc.chambermaster.com/contact,(250) 308-7253,
Carolyn Henstock - Invis,,250 260 0910,
Cash Money,https://www.moneygram.com/locations/us/en,2502758253,
Castle at Swan Lake,https://www.swanlakecastle.com/contact-and-reviews/,(778) 475-4232,
Cathi's Bookkeeping,https://legaldirectorate.ca/contact-us,250 546 9207,
Cc Bloom Flower Farm,https://www.ccbloom.ca/,250 309 7209,
Cedar and Soak,https://www.cedarandsoak.com/contactus,(250) 309-6279,
Cedar Falls Campground,https://www.cedarfalls.ca/contact.html,250-558-1559,
Centre Drycleaners,https://www.centredrycleaners.ca/,(250) 545-2002,
Century 21 (merged with Coldwell Banker out of BIA),https://www.coldwellbanker.com/,,
Chapman Sand & Grave L Ltd,https://chapmansand.com/contact,250 546 3340,
"Charlene Silvester, Notary Public",https://www.vernonnotary.com/contact/,(250) 542-4313,
Chartwell Carrington Place Retirement Residence,https://chartwell.com/contact-us,(250) 545-5704,
Cheek To Cheek,,,
Cheek To Chic,https://www.cheektochic.ca/contact-us/,(250) 542-3347,
Cherz Salon,,(250) 309-3662,
Chevron,,250-558-5595,
Chicken Little Baby and Kids,https://www.chickenlittle.ca/,250-549-1221,
Chiropractic,https://northokanaganchiroandmassage.ca/,250 546 6699,
CIBC Lake Country,,,
Cindy's Hair Studio,https://hair-studiolubertsy.clients.site/,250-307-0783,
Circus Clouds,https://circusclouds.com/contact,250-545-5281,
City Furniture & Appliances Ltd.,,(250) 549-3121,
City Furniture Downtown Outlet,,(778) 475-3185,
CLA Financial Management Services,https://www.claconnect.com/en/contact-us,,
Click-A-Geek Tech Support Ltd.,,(250) 542-4335,
Cm Manufacturing,https://www.armstrong-tech.com/contact-us/,250 546 8883,
CMD Accounting Services Inc.,https://www.cmdasrv.com/,(250) 558-2989,
Co-op (32nd St Co-op Service Station),https://vernonmatters.ca/2025/12/23/contact-is-lost-with-a-private-jet-heading-for-libya-after-takeoff-from-turkey-official-says/,1-236-4261423,
Coats of Many Colors,,(250) 309-8490,
Coldwell Banker Executives Realty,,(250) 549-2103,
Coldwell Banker Horizon Realty,https://www.kelownarealestate.com/contact,(250)860-7500,
Collectors Direct,https://www.globuya.com/contact,778-943-1090,
Comfort Keepers,https://www.comfortkeepers.ca/contact-us/,(778) 214-2464,
Community Dental Access Centre,https://okanagankids.com/,(778) 475-7779,
Community Futures North Okanagan,https://www.futuresbc.com/contact/,(250) 545-2215,
Community Living BC,,250-549-5490,
Community Roofing Co. Ltd.,https://www.communityroofing.ca/contact-us,(250) 549-4500,
Consumed Autoworx,https://point-s.ca/,(250) 558-2340,
Context Counselling,https://contextcounselling.ca/contact/,236-600-9923,
Cool Creek Energy,https://www.coolcreek.ca/contact-us/,250 546 9461,
Cora Breakfast and Lunch,https://www.chezcora.com/,(250) 549-2672,
Corbett Office Plus,https://corbettoffice.com/404.aspx,(250) 549-2236,
Core Creations,,250 500 3273,
Cost Cannabis,https://costcan.ca/contact-us/,250 546 0442,
Cotton's Chocolates,,(250) 503-2535,
Cottonwood Clinic,https://www.healthlinkbc.ca/search?kw=contact,2505457607,
Country Cottage B&B,http://www.vernoncountrycottage.com/contact.html,250-938-7521,
Country Manor Catering & Food Services,,250 215 0144,
Country Tractor,,250 546 3141,
Country West Supply,https://www.countrywestsupply.com/,(604)847-3737,
Cowork Vernon,https://coworkvernon.com/,,
Crane Enterprises,,250 549 0792,
Credit Bureau of Vernon,https://www.bccreditbureau.com/contact,(250) 545-5351,
Creekside Landing Retirement Community,https://www.kaigo.ca/contact-us/,(250) 549-9550,
Crescent Falls Veterinary Hospital,https://topvet.net/,(250) 545-8200,
Crimson Oath Tattoo,https://www.crimsonoathtattoo.com/,(250) 545-0288,
Crosby Lawyers,https://www.canadianlawlist.com/contact,(250) 558-5790,
CrossFit Vernon,https://www.crossfitvernon.ca/contact-crossfit-vernon-in-vernon-bc,(250) 540-1530,
Crowne Speech and Language Services,https://www.gov.uk/contact,(250) 308-1916,
Cruising the Okanagan,,1-250-309-3237,
CTR Mechanical Ltd.,,(778) 692-7847,
Culos & Co,,250 546 2448,
Curry Pot Indian and Nepalese Cuisine,https://currypotvernon.com/contact-us/,(250) 545-9195,
Cypress Funeral & Cremation Services,https://cypressfuneral.ca/contact/,(250) 558-0866,
D&M Auto Recycling,https://armstrong.coop/,,
Dairy Farmers Of Canada,https://dairyfarmersofcanada.ca/en/dairy-in-canada,613 236 9997,
Dairy Queen,,778 442 1200,
Daniel Poulin Law,https://poulinlaw.ca/contact-us,(236) 426-2555,
David Venter Chartered Professional Accountant Inc,https://www.venter.ca/contact,(778) 215-4695,
Davidson Lawyers LLP,,(250) 542-1177,
Davison Orchards Country Village,https://www.davisonorchards.ca/contact,(250) 549-3266,
Days Inn Vernon,,250-549-2224,
"Deanna Beaudoin, Edward Jones Financial Advisor",https://www.edwardjones.ca/ca-en/contact-us,(778) 790-0840,
deBoersap Refinishing,https://www.deboersaprefinishing.ca/,(250) 545-3813,
Dedora Schoenne Appraisers,https://dsappraisers.com/contact-us,(250) 542-2222,
Del Selin Gunsmith Ltd,https://www.henryusa.com/contact-henry-repeating/,(250) 545-6413,
Delaney Properties,https://www.starofservice.ca/,(250) 550-2120,
Delia's Nails,https://www.deliasnails.ca/,(250) 503-6116,
Destanne Norris Of Waterline Studio,,250 307 1611,
Diamond Parking Ltd,https://www.diamondparking.ca/contact-us/,1-888-587-1111,
Diamond West Builders,https://www.diamondwestbuilders.ca/contact/,250 550 4396,
Diana Share The Share Team,,,
Digger Civil Contractors Ltd,https://www.diggersconstruction.ca/contact-jobs-vernon/,250.545.0771,
Dignity Memorial - First Memorial Funeral Services,https://www.dignitymemorial.com/contact-us,8003434464,
Diner on Six,,(778) 475-5979,
Direct Travel,,(250) 542-5371,
Discovery Consultants,https://discoveryconsultants.com/,(250) 542-8960,
Discovery Optometry,https://discoveryoptometry.com/contact/,(250) 503-2020,
Distinctive Décor Antiques,https://www.vancouverisawesome.com/tri-city-news-archive,(250) 549-5010,
District of Coldstream,https://www.coldstream.ca/contact,(250) 545-5304,
Diversity Den Society,https://www.diversityden.ca/,(250) 241-0745,
DNA Irrigation Design & Consulting,https://canadianbusinessphonebook.com/contactus,,
Dogwood Records,https://dogwoodrecords.carrd.co/,(236) 426-2646,
Dollar Dollar Armstrong,,250 546 0535,
Dollar Dollar Lumby,,1-250-547-9848,
Dollarama,https://www.dollarama.com/,2502758263,
Donald's Machine Works,https://www.donaldsmachine.ca/contact,250 542 5557,
Dorian's Greek Taverna,https://doriansgreektaverna.ca/contact-us/,250-558-5100,
Down Under Pipe Inspection Ltd,,(250) 938-1213,
Dr F B Healey Inc,,(250) 545-3233,
"Dr Gary Wessels, Inc",https://thevernondentist.com/contact/,(250) 542-1045,
Dr Michael Cooke,https://www.vernonpediatrics.org/contact-us,(250) 558-5506,
"Dr. Abdel-Kader Inc.,",https://www.bcdoctordirectory.ca/contact,(250) 542-3475,
Dr. Alfred T. Chan Medical Inc,https://www.healthdoc.ca/contact,(250) 545-2034,
Dr. Eiko Waida,,,
Dr. Eva Risling,https://wildsmd.com/about-us,,
Dr. Fred Dyck Inc,,(250) 542-5520,
Dr. Hamish Hwang,https://doctorhwang.ca/,250-545-2288,
Dr. J.Mark Wasylyk Inc,https://www.health-local.com/,(250) 545-2169,
Dr. Kenneth P Lawrence,https://kpldental.ca/contact,(250) 549-3113,
Dr. Louis B. Boucher Medical Services Inc,https://infonews.ca,2505492266,
Dr. Paul C. Smylie Inc,,(250) 542-6033,
Dr. Phebe-Jane Poole,https://pjpoole.com/contact-us/,(250) 307-3015,
Dr. Shawn Lee Corp,,2505421315,
"Dr. Teresa Cline, Dnm",https://www.drteresa.ca/contact,250 214 3344,
Dragonfli Studio,,,
Drawing It Out,https://www.drawingitout.com/contact,778 558 3544,
Drax,https://www.drax.com/contact-us/,(250) 258-8672,
Driving Miss Daisy,https://drivingmissdaisy.ca/contact/,250 540 0975,
Dugas Law,https://www.bclawyers.ca/contact/,(778) 475-5924,
Dunbar Automotive,https://www.dunbarauto.ca/contact-us,(250) 545-7733,
Eagle Rock Plumbing & Heating,,(250) 540-8166,
Eagle Rock Towing,https://www.eaglerocktowing.com/contact-us,250 546 8290,
Eaglerock Crane & Welding,,250 309 0982,
Earls Kitchen + Bar,https://earls.ca/contact/,,
Earls Restaurant,,(250) 542-3370,
East Hill Crossing Café,https://easthilleatery.com/,236-426-0330,
Eatology,https://www.eatology.ca/contact/,(236) 426-4400,
Ebenezer's,https://lmusic.kz/,(250) 542-0980,
Ebus,https://www.myebus.ca/contact/,1-877-769-3287,
Ecora,https://www.workopolis.com/,250-469-9757,
Ed's Mobile Kayaking,https://edskayak.ca/contact/,250-550-5980,
Edge Apparel and Imprints,https://edgeimprints.com/contact/,(236) 426-2250,
Edge Of The Earth Winery,https://edgeearth.ca/,250 546 2164,
Edo Japan,,(250) 275-1588,
Edward Jones,https://exit-planning-institute.org/contact-us,,
Elemental Family Counselling,https://www.elementalfamilycounselling.ca/,(236) 428-4994,
Elements Bus Repair and Parts Ltd.,https://ca.nextdoor.com/,(778) 319-2630,
Elevated Building Envelopes Ltd,https://elevatedbe.com/contact-us/,(250) 542-5544,
Emerald HR Solutions,,,
End of the Roll,,(250) 558-0401,
Enlighten Hair & Tanning Salon,,(250) 351-4349,
EPS Electric Ltd,https://www.electricpower.cc/contact,(250) 306-0215,
Errands and Beyond,https://errandsandbeyond.ca/contact-us,(250) 309-3425,
eSafetyFirst Canada,https://esafetyfirst.com/courses/whmis/,(866) 470-7740,
Escape Tanning & Esthetics,https://okanagango.com/contact/,250 307 4566,
Eunike Boutique,,(250) 549-1304,
European Timberframe Corporation,http://timberframecorp.com/contact,,
Everdene Consulting,http://www.everdeneconsulting.com/contact,(778) 988-7153,
Evergreen Building Maintenance,https://evergreenmaintenance.ca/contact/,(647) 494-9436,
Evolve Beyond Education Solutions,https://www.evolveeducationsolutions.com/contact,(780) 897-4744,
Evolve Digital Solutions LTD,,(905) 717-3725,
Evolve Leadership Developmen T,,250 503 7786,
Ex Nihilo Vineyards,,,
Ex Nihilo Vineyards & Tasting Room,,250-766-5522,
Exclusive Marine Sales,https://www.exclusiveautomarine.com,(778) 943-2177,
Fair Realty - Stephanie Sexsmith,,(250) 503 6809,
Fairfield Inn & Suites by Marriott,,250-260-7829,
Fairway Appliance,https://fairwayapplianceservice.ca/,,
Fam Care Medical,https://pathwaysmedicalcare.ca/contact/,250-549-1216,
Family Chiropractor,https://armstrongfc.com/,250 832 4186,
Family Matters Counselling,https://www.familymatterscounselling.com/,250-938-6022,
Family Tax Time,https://familytaxtime.ca/contact/,2503517449,
Farmer's Market Association of Lake Country,https://www.derekleippi.com/contact,+1-250-317-7881,
Farmhouse Pizza and Donair Ltd,https://www.farmhousepizzaanddonair.com/,(250) 503-0110,
Farmstrong Cider Company,https://www.farmstrongcider.com/,250 309 2609,
Farrer Rentals Ltd. (also dba Ren-Con Supply),https://rencon.ca/,(250) 545-9108,
Farrow Built,https://farrowbuilt.ca/contact,,
Fenske Financial Coaching & Planning,https://www.fenskefinancialcoaching.com/contact-us,(250) 306-1256,
Fermco Party Shoppe,https://www.fermcorentalsandsales.ca/contact/,(250) 549-2002,
Fieldnotes Market,https://www.fieldnotesmarket.ca/,250 884 2331,
Fields,,1-250-547-8735,
Fieldstone Organics,https://www.fieldstoneorganics.ca/contact/,250 546 4558,
Fig Bistro (The),https://vernon.com/contact,(250) 558-5983,
Final Touch,https://www.finaltouchgroup.com/contact,250 546 1949,
Firefly Eatery,,(236) 873-2863,
First Data,https://www.clover.com/ca?utm_source=chamber_banner&utm_camp,(905) 282-6176,
First Nations Employment Services,https://www.vernonfirstnationsfriendshipcentre.com/contact-us/,(250) 558-3345,
Fisher's Home Hardware,https://www.homehardware.ca/en/landing/contact-us,2505424321,
Five Fathoms Tattoo,https://www.fivefathomstattoo.com/contact-us,(250) 260-7843,
Five Star Awards Ltd,http://www.fivestarawards.ca/contact-us,(250) 275-2600,
Flesh Body Piercing,https://www.fleshbodypiercing.com/contact,(250) 306-7038,
Fletcher's Keep Senior Dog Foundation,,(250) 564-2334,
Flow Physiotherapy and Wellness,https://flowphysio.ca/,(250) 541-9333,
Foothill Rocks Import + Export Inc,https://www.foothillrocks.com/,(250) 503-4731,
For Good Measure Inc,,(250) 307-0076,
For Men Only Barbershop,https://vernonbarbershop.ca/,(250) 549-1017,
Fortune Creek Ida Pharmacy,https://fortunecreekidapharmacy.com/contact/,250 546 1411,
Fortune Creek Kennels,http://www.fortunecreekkennels.com/,(250) 546-8639,
Fountain Tire Vernon,,(778) 475-0054,
Four Seasons Promotional Management,https://4seasonspromo.com/,,
Freedom Body Piercing and Tattoo,,(250) 558-3733,
Freedom Flight School,https://www.freedomflightschool.com/,250-891-4447,
Fresh Lemongrass Vietnamese Restaurant,,778-475-1688,
Fresh Start Interiors,https://vernonsinteriors.co.uk/,(403) 667-6671,
FreshCo,,,
FreshCo Pharmacy,https://oatrx.ca/contact,250-542-8008,
FreshMart,https://www.freshmart.ca/,1-250-547-2236,
Friesen's Country Tyme Gardens,https://www.friesenscountrytyme.com/contact/,250-549-3587,
Frugal Frocks,https://www.frugalfrocks.ca/,250 546 3448,
Full Charge Cycles (formerly Vernon E Ride),,(236) 426-4002,
Furmanek Jewellers,https://furmanekjewellers.com/vernon-jewellers-contact-us/,(250) 549-3737,
G.R.S. Enterprises Ltd,,250 546 9101,
Gathering Grounds Thrift,,778 442 0019,
Gathering Grounds Thrift Store & Express Printing,,,
Gatzke's Farm Market,https://www.gatzkeorchard.com/,,
GG-Technik Sales & Service Inc,https://www.gg-technik.ca/,,
Gilmay RV,https://gilmay.ca/contact/,(250) 503-2221,
Glad Tidings Pentecostal Church,https://www.gladtidingsarmstrong.ca/,250 546 3818,
Glenbawn Landscape Construction Ltd,https://www.glenbawn.ca/contact,(250) 899-8985,
Global West Commercial,,250-503-3477,
Glohaven Community Hub,https://glohaven.com/contact,(250) 503-6126,
Go Local Post Cards,,250 540 5904,
Godard Excavating & Bobcat Services,https://www.godardexcavating.com/contact/,250 938 1000,
Goertzen Residential Design,,(250) 549-7095,
Gold Panner Campground,https://campgoldpanner.com/,250-463-4653,
Gold'N Time Jewellery,https://www.goldntime.ca/contact,(250) 545-7997,
Good 'N' Plenty Produce,,250 546 6862,
Gorman Bros Lumber LTD,https://www.gormanbros.com/contact-us/,1-250-768-5131,
Government Of Canada,https://www.canada.ca/errors/404.html,1 800 622 6232,
Grandpa's Heart at Nicklen Lake,https://www.grandpasheart.ca/contact,604-799-8851,
Grandview Flats Cemetery,https://www.vdfhs.com/cemeteries/north_okanagan/armstrong_spallumcheen/grandview/flats_cemetery.html,,
Grant Thornton LLP Canada,https://www.doanegrantthornton.ca/contact/,,
Graphic Enterprises Signs & Designs Ltd,https://graphicenterprises.ca/contact/,(250) 549-6611,
Gray Monk Estate Winery,https://graymonk.com/contact/,250-999-1294,
Great Wall Restaurant,https://great-wall-restaurant-armstrong.res-menu.com/contact,250 546 8284,
Green Valley Estates,https://www.baptisthousing.org/contact-us,250 546 3933,
Green Velvet Lawn & Tree Care,https://www.greenvelvet.ca/,(250) 542-8719,
Greenstone Solutions,,(250) 212-5803,
Grillers Meats,https://www.grillersmeats.com/contact,,
Grillers Meats & Eats,,(250) 549-3100,
Grizzly Hills Logging / Contracting,,,
Grounds Guys Landscape Management,https://www.groundsguys.ca/contact/,(250) 545-3863,
Gudeit Bros. Contracting LTD,,1-250-547-9899,
Gumtree Catering,https://www.gumtreecatering.com/,(250) 558-7555,
H&R Block,,2505493332,
Hagemann Jewellers,https://www.hagemannjewellers.com/contact/,(250) 545-1528,
Hair By Laura,https://lauraashleyesthetics.com/,(250) 549-4441,
Hair by Mayria,https://www.beautynailhairsalons.com/contact,,
Hairitage House,https://hairitage-salon-lumby.edan.io/contact,,
Handy Ma'Am,,250 546 6768,
Handyman Hands,https://www.nexdu.com/,(250) 307-8772,
Harper Private Wealth at Wellington-Altus Private Wealth,https://advisor.wellington-altus.ca/harperprivatewealth/,(236) 600-5951,
Hartwood North Farm,https://expireddomains.com/domain/hartwoodnorthfarm.com,250 558 6804,
Haru Sushi & Grill,,250 546 9300,
Hatch & Associates Chartered Prof. Acct,https://www.ratemyprofessors.com/,,
Haugen Community Healthcare Society,,250 546 3825,
Haveli Indian Cuisine,,250-503-3033,
Haveli Restaurant,,,
Haze Tattoo,https://www.tattooed.co/contact,2364261399,
Headlines Salon,,(250) 542-8121,
"Heidi Mccartney, Rmt",,250 309 6415,
Heidi Thompson Art Gallery,https://heidithompson.ca/contact,250-542-1551,
Helmut's Sausage Kitchen,https://helmuts.ca/contact-us,250-260-3281,
"Hey, It’s Dave! - Professional Painting Services",https://heyitsdavepainting.com/contact,(250) 488-5676,
Hi Pro Branded Solutions,https://www.hiprobrandedsolutions.com/contact,(250) 542-3373,
Hi-Pro Sporting Goods,https://hiprosports.net/contact-us/,250 308 4612,
HiFi Attic,https://hifiattic.ca/contact/,250-260-3336,
High Country Insulation,https://www.highcountryinsulation.ca/contact-us,250 546 3456,
Highview Bed & Breakfast,,250-542-5367,
Hodge & Associates,,1-250-542-4048,
Hogies Towing,https://hogies.ca/,250 546 3472,
"Hokhold, Dr. Andrew N",https://www.hokholdinc.com/contact-us/contact-information-office-map/,(250) 545-9057,
Holiday Inn Express,,,
Holiday Inn Express Hotel & Suites,,(250) 550-7777,
Home Building Centre - Vernon,,(250) 545-5384,
Home to the End Society,https://www.aplaceformom.com/contact,77-212-4046,
Homegirl Café,,,
Homespun Haven,,250 546 3224,
Hornby Equipment,,250 546 3033,
Hot Bread Shoppe,https://www.hotbreadshoppe.ca/contact-us,,
Hot Spot on 6,https://www.hotspoton6.com/contact,778-475-2828,
HR Covered,https://www.hrcovered.com/contact-us/,1-866-606-0149,
Hub International Insurance,https://www.hubinternational.com/contact-us,250 546 8787,
Hullcar & Deep Creek Community Hall Society,,250 546 1944,
Hunters Range Snowmobile Association,,250-575-2788,
Hwy 6 Mini Storage,https://hwy6ministorage.ca/,1-250-547-2090,
Hytec - A Kohler Company,https://www.hytec.ca/contact-us,250 546 3196,
IA Financial Group,https://ia.ca/contact,(250) 309-2298,
Iconic Gift Shop,https://shops.mountvernon.org/,(778) 463-4009,
IDA Astral Pharmacy,https://gotodoctor.com/,2505411999,
Ida's Bakery & Deli,,1-250-547-9777,
IEP Energy Economics,https://energyeconomicssolar.ca/,(250) 718-7282,
IG Wealth,https://www.ig.ca/en,(250) 545-9188,
Illahee Inn,https://www.baysider.com/,,
Imagine Pools and Waterscapes Ltd,,(250) 542-7897,
Impressions Hair & Esthetics,https://www.wellnessliving.com/,(778) 475-5648,
Indus Travel,https://www.indus.travel/contact,(866) 978-2997,
Inner Vitality Counselling,,(250) 307-3112,
Integra Tire and Auto Centre,https://integratire.com/contact-us,,
Integral Accounting Inc.Chartered Professional Accountant,,(778) 770-0022,
Integrity Traffic Control Training,https://www.integritytraffictraining.com/contact-us,250 306 1473,
Interactive Counselling,,(778) 506-2276,
Interior Dams Inc,,,
Interior Denture Center Inc,https://www.interiordenture.ca/contact-us,(250) 541-9929,
Interior Fire Mitigation,,250 546 2990,
Interior Provincial Exhibition,,250 546 9406,
Interior Vault Ltd,https://www.interiorvault.com/contact/,(250) 372-1897,
Interior West Cleaning Supply,http://www.interiorwest.ca/,(604) 446-9772,
Intermezzo Castle Bistro,https://intermezzocastlebistro.com/contact/,,
Intermezzo Restaurant and Wine Cellar,https://intermezzowinecellar.com/contact/,(250) 542-3853,
Intrigue Wines,https://www.intriguewines.com/contact/,250-980-3233,
Invati Yoga & Wellness Inc,https://www.invati-yoga.com/,,
Investors Group Financial Services,https://www.investopedia.com/,,
IRIS Optometry and Opticians,https://iris.ca/,250-542-2239,
Iron Heart Gym,https://www.ironheartgymvernon.com/,(778) 475-3539,
Iron Heart Studio,https://www.localgymsandfitness.com/contact,236-426-4700,
IRS Independent Respiratory Services,https://irscanada.ca/contact-us/,(250) 549-3271,
It's Puppy Love Dog Grooming,https://puppylovegroomer.com/contacto/,,
Italian Kitchen Restaurant,https://italiankitchenvernon.com/contact-us/,(250) 558-7899,
Italian Kitchen Sauce Co,,,
iThread,https://www.ithread.ca/contact,(250) 503-1330,
J&D Eyewear,https://jdeyewear.com/password,778-475-1100,
J-Don,,(250) 558-6939,
J. Armstrong Shapter Inc,https://armstrongaccounting.com/contact-us,250 546 8757,
J.C. Excavating,,250 558 8932,
Jamie MacArthur,https://www.jamiemacarthurlaw.ca/,250-549-6030,
Jax and King Salon,,(250) 549-1994,
Jayme McKillop Co.,https://jaymemckillop.com/contact.html,(250) 307-8137,
Jealous Pizza,,7784751400,
Jeanette's Bussin Bistro,,250 241 3663,
JenAlio's,https://www.jenalios.com/,250-558-0082,
Jenna Millsap Registered Massage Therapy,https://www.rmtlakecountry.com/,,
Jitter Beans Coffee House,https://www.cbc.ca/,1-778-473-6901,
Joe Worley's Bobcat Service & Contracting,,250 306 4370,
Joey's Restaurants,,(250) 503-3800,
John Beales Professional Services Inc,https://www.lakecountryaccountants.ca/contact,+1-250-766-3736,
John Charlton Counselling Services,https://bcacc.ca/contact-us/,,
John Rudy Health Resource Centre Association,http://www.johnrudyhealth.ca/,(250) 938-8092,
Johnston Meier Insurance Agencies,http://jmins.com/contact-us/,(250) 545-5311,
Joyce's Signs & Autographics,,250-540-2632,
Joys Addiction,https://lumbyvalleytimes.ca/contact/,(250) 309-2927,
Julian Van Der Walle LLB,https://criminallawyervernonbc.com/contact-me/,(250) 320-9258,
Juniper Tree Counselling Services,https://www.junipertreecounselling.ca/contact,2502773204,
Just Rocks Landscape Supplies,,250 541 0111,
Kal Containers Ltd,https://kalcontainers.com/contact/,(250) 938-7199,
Kalavida Surf Shop,https://kalavidasurfshop.com/,778-475-5808,
Kaleco Sustainable Lifestyle,https://www.kaleco.ca/,(250) 558-6169,
Kaltek Automotive Protection Ltd.,https://www.aboutamazon.com,(250) 558-9206,
Kamui Japanese Curry,https://kamuicurry.ca/,,
Kare-A-Lot Learning Centre,https://www.karealot.ca/contact-us,250 546 0500,
Karma Studio,,(250) 515-1477,
Kasper Denture Clinic Ltd,http://kasperdentureclinic.ca/contact-us/,(250) 542-7423,
KawaKubo,https://www.kawakubo-vernon.com/,(778) 475-7887,
KBM Autoworks,,1-250-547-2376,
Kel Lake Greenhouses Inc,https://www.kellake.ca/,,
Kelly O'Bryan's,https://www.kobcob.com/contact,(250) 549-2112,
Kelowna International Airport (YLW),,,
Kerr Wood Leidal,https://www.engineer.bz/contact,,
Kerr Wood Leidal Associates Ltd,http://www.kwl.ca/contact/,(250) 503-0841,
Kevin Acton - Lumby Massage,https://bloomwellnesscentre.ca/contact-us/,(250) 307-3132,
Kids Playable Therapy,https://kidsplayable.therabyte.app/contact,778 930 1079,
Kim Heizmann PREC*,,(250) 938-0995,
Kimberley K Hutton Inc,https://www.kkhcpa.ca/contact-us/,(778) 473-1355,
Kin + Pod,https://www.kinpod.ca/contact.html,,
Kintec Footwear + Orthotics,https://www.kintec.net/locations/,(236) 600-9470,
KPMG LLP,,,
KPMG MSLP,https://kpmg.com/xx/en/misc/generic-contact-page.html,(250) 503-5300,
"Krista Ingram, ND",https://mycanadiannaturopath.ca/contact-us/,250-938-0498,
"KSO Accounting Group, Chartered Professional Accountants, Kelcie Warren CPA, CGA, partner",https://ksogroup.ca/contact-us/,(778) 475-5788,
KTN Electric Ltd,https://ktnelectric.ca/home,253062950,
Kuby Renewable Energy Ltd,https://kuby.ca/,(780) 340-5829,
Kura Digital,,(250) 878-4695,
Kutenai Clothing Company,https://www.kutenaiclothing.com/,(250) 352-0700,
L. Stanek Plumbing and Heating,,1-250-547-6244,
La Flor Studio,,7783634247,
Ladies World Health & Fitness,https://worldhealthandfitness.ca/contact/,(250) 503-2363,
Lafarge Canada Inc,https://amrize.com/us/en/amrize-homepage.html,250 546 3163,
Lake City Casino Vernon,,(250) 545-3505,
Lake Country Art Gallery,https://www.lakecountryartgallery.ca/,250-766-1299,
Lake Country Cannabis,https://www.leafly.ca/,,
Lake Country Crane,https://www.lakecountrycrane.ca/contact-us,250-870-1609,
Lake Country Heritage and Cultural Society,,,
Lake Country Liquor Store,https://lakecountryliquorstore.com/contact/,250-766-1166,
Lake Country Living Magazine,,,
Lake Country Log Homes,https://www.lakecountrylog.com/,1 877 554 8881,
Lake Country Optometry,https://lakecountryoptometry.ca/service/contact-lens-exams/,250-766-4240,
Lake Front RV Park,https://www.lakefrontrvpark.com/contact-us,236-600-1902,
Lakeshore Drywall Inc,https://www.constructiononline.com/,(250) 241-0044,
Las Margaritas Coffee,,250 308 9443,
"Lasting Effects, Esthetics & Nail Salon",,(250) 260-1144,
Leah May - Mortgage Professional,,(250) 258-3085,
Ledgers,https://ledgers.com/contact,(250) 900-2357,
Legacy Photography & Framing,https://www.legacypf.ca/contact-our-frame-shop-and-photography-studio,(250) 542-3010,
Legal Aid Society Vernon (and Salmon Arm),https://www.usa.gov/contact-us,250-545-3666,
LetawskyWilson & Associates,http://www.letawskywilson.com/,(778) 943-1623,
Ley's RV Park & Farm,https://leyrvpark.com,250-878-7314,
Liberal Party of Canada Vernon-Lake Country-Monashee,https://liberal.ca/?new=www.northokanaganshuswap.liberal.ca,(250) 306-2627,
Liberty Tax Service,https://www.libertytax.ca/contact-us,(250) 260-1411,
Lifestyle Counselling Services,https://www.odynn.ca/contact,(250) 558-3323,
Limitless Equipment Services Inc,https://limitlessequipmentservices.com/contact,778 212 6017,
Lincoln Lanes,https://www.lincolnlanes.ca/,(250) 542-9837,
Little Blue House RMT,,(250) 863-8052,
Little Caesars Pizza,https://littlecaesars.com/en-us/contact-us/,2505494646,
Little Nail Factory,https://belliata.ca/,1-250-547-2002,
Little Plum Boutique (former name),https://www.prettyplumboutique.com/,(778) 773-0893,
Live Life Physiotherapy and Acupuncture,,2505401262,
Livingwood Floors Inc,http://www.livingwoodfloors.com/contact-us,(250) 545-4900,
Lloyd Contracting,,1-250-547-9705,
Locally Unique Market,https://allevents.in/contact,,
Lochaven Consulting,https://www.lochavenconsulting.com/,(250) 306-0573,
London Drugs 039 Vernon,,(250) 549-1551,
Longhorn Pub,https://www.longhornvernon.ca/contact/,250-542-9222,
Lordco Auto Parts,https://lordco.com/contact-us,,
Loredana Eisenhauer Inc,https://lei.nlchosting.com/contact-us/,(250) 860-8530,
Loreto Strata Management Ltd,https://loretosm.net/,(250) 306-9949,
Los Huesos Mexican Restaurant,https://www.loshuesosrestaurant.com/contact-us.html,(250) 275-4820,
Lucid Cannabis,https://lucidcannabis.ca/,7784753415,
Lucus Homes,,250 546 3642,
Lumby & District Wildlife Association,https://lumbywildlife.ca/,1-250-547-2377,
Lumby Circle K,https://www.circlek.com/contact,1-250-547-6329,
Lumby Esso,,1-250-372-4842,
Lumby IDA Pharmacy,https://lumbyidapharmacy.com/contact,1-250-547-2324,
Lumby Lions,https://lumbylions.ca/,1-250-547-2005,
Lumby Trail Tire,https://trailtire.com/contact-us/,1-250-547-2574,
Lunch Matters,,(250) 542-3814,
Lux Jewels,https://www.luxjewels.com/contact/,(604) 889-5227,
Lyle Doucette Real Estate Services,,250 309 1493,
Lyons Landscaping,https://www.lyonslandscaping.com/contact-us/,(250) 374-6942,
M.R. Contracting Inc,,250 307 0261,
M2systems inc,,(250) 766-7869,
Mabel Lake Resort & Marina,https://mabellakeresort.com/contact/,2508386234,
Macdonald Lakeshore Properties LP,https://www.shopkelownahomes.com/,(250) 575-7112,
Mackenzie Camp Society,,250 838 6293,
Mada Contracting,https://madacontracting.com/,250 415 8384,
Maddocks Contruction Ltd,https://www.maddocksconstruction.com/contact/,250 546 9551,
Maela's Esthetics,,(250) 558-4949,
Magnetsigns Vernon - 0902660 BC Ltd,,(250) 260-3161,
Mahoroba Japanese Restaurant,,,
Mahoroba Restaurant,,(250) 558-0893,
Main Street Medical Clinic,https://mainstreetmedicalbuilding.com/contact,250-503-3911,
Mandi Irmen Art,https://www.mandiirmenart.ca/,(250) 260-0359,
Marble Slab Creamery,https://www.marbleslab.com/contact/,(778) 943-1943,
Marchand Welding Co. (Mobile),https://www.marchandwelding.com/,250 515 1055,
Martin Estate and Injury Law,https://martinestate.ca/wp-content/uploads/2018/10/contact.jpg,(778) 475-8444,
Max Voets Coffee Roasting Ltd,http://www.voetscoffee.com/,(250) 549-2711,
Maxx Canada,https://www.maxx.ca/contact,1 877 438 6229,
McDonagh Counselling,https://www.theravive.com/contact,,
McDonald's Restaurant of Canada Ltd.,https://www.mcdonalds.com/us/en-us/contact-us.html,(250) 545-6337,
MCK Athletics,,,
Mcleery Ranch,,250 546 0420,
Mcleod Electric Ltd,,250 306 6626,
Mcleods By Products,https://www.mcleodsbp.com/contact,250 308 9081,
McPheeters Criminal Defence,https://www.mcpheeters.ca/,778-930-2040,
Medicine Shoppe Pharmacy,,(778) 475-1010,
"Mel Arnold, Member of Parliament",https://www.ourcommons.ca/en,2502605020,
"Member of Legislative Assembly for Vernon-Monashee, Harwinder Sandhu",https://harwindersandhu.bcndp.ca/,(250) 503-3600,
Mental Illness Family Support Centre,https://mentalhealthcommission.ca/contact-us/,(250) 260-3233,
Mexican Distribution/Latino Market,https://www.foodcodirectory.com/2021/08/us-food-distributors-importers.html,,
Mezzo Market,https://www.mezzomarket.ca/,778-475-1819,
Mi Taqueria,https://www.vernontaqueria.com/,250-550-8154,
Michele Davies Mortgages,https://micheledaviesmortgages.ca/home-2552,(778) 220-8116,
MidWest Dental Hygiene Inc,https://www.midwestdental.ca/,2502414867,
Milestones Counselling,https://www.psychologytoday.com/ca/therapists/natalie-turpin-penticton-bc/875168,250 487 9622,
Ministry of Children & Family Development,,2505582700,
MLA Harwinder Sandhu,,,
MNP LLP,https://www.mnp.ca/,(778) 475-5678,
Modern Soul Studio,,778-215-8869,
Monahan Management,https://www.valcoverentals.ca/,(250) 309-6601,
Monashee Dental,https://www.monasheedentalcentre.com/contact/,1-250-547-2104,
Monashee Garage Doors Ltd,https://monasheegaragedoors.ca/,(250) 241-3667,
Monashee Outdoors,https://www.monasheeoutdoors.ca/,,
Moore's Berry Farm,https://destinationlesstravel.com/contact,250 546 1160,
Morgan Wealth Management,https://locator.nbc.ca/,250-260-4591,
Mortgage Architects,,250 306 9068,
Motorcycle Mojo Magazine,https://motorcyclemojo.com/contact/,1-877-330-3737,
Mp Mel Arnold,https://melarnoldmp.ca,1 800 665 5040,
Mts Mobile Pressure Washing,https://www.mobilepressurewash.ca/contact,250 307 6301,
Muri Floral & Decor,,250 309 4281,
Mustang Connection,,250 546 9805,
Nadine's Fine Art and Frames,https://www.nadinesfineart.com/contact,(250) 542-8544,
National Money Mart,,(250) 541-0327,
Nature Delivered,https://naturedelivered.ca/,(250) 463-3325,
Natures Fare,https://www.naturesfare.com/contact-us/,(250) 260-1117,
Nelson's Glass,https://www.nelsonsglassltd.ca/contact-us,250 546 8845,
New Century Produce Inc,https://www.newcenturyproduce.com/,250 546 0499,
NextGen Automation,https://innov8.ca/contact-us/,(250) 491-9545,
Nexus BC,https://nexustherapeutics.ca/contact-us/,,
NexusBC Community Resource Centre,http://nexusbc.ca/contact,(250) 545-0585,
Nicholas Alexander Home & Garden,https://nicholasalexander.com/contact/,(778) 212-1307,
Nicholas Jacob Barrister & Solicitor,https://www.nicholasjacob.ca/contact,,
Nicholls Denture Centre Inc,https://www.denturecentre.com/,(250) 549-1505,
Nirvana Cabanas - Okanagan Lakeside Suites,http://www.okanaganlakesidesuites.com/contact.html,250-938-4811,
Nixon Wenger LLP,https://www.nixonwenger.com/contact/,(250) 542-5353,
No Meat Factory Inc,https://nomeatfactory.com/contact-us,,
"Noas Bookkeeping, Accounting & Tax Inc",https://www.noastax.ca/contact,250 545 3136,
Nolan's Pharmasave,https://pharmasave.com/contact/,(250) 542-4181,
NONA Child Development Centre,https://nona-cdc.com/contact/,(250) 549-1281,
"Norm Holt, CPA",https://www.canadapages.com/,(250) 275-8093,
Nors Equipment,https://construction-equipment-gw.nors.com/contact/,,
North Okanagan Closet Specialists Ltd,https://www.northokanaganclosets.com/contact/,(250) 542-1313,
North Okanagan Consulting,,(250) 938-5136,
North Okanagan Hospice Society,https://nohs.ca/contact/,(250) 503-1800,
North Okanagan Knights,https://www.biyolojikongreleri.org/,,
North Okanagan Paediatric Clinic,,,
North Okanagan Paint and Window Coverings,https://www.northokanaganpaint.ca/,(250) 542-1444,
North Okanagan Plumbing & Heating,https://tnjplumbing.ca/contact/,250 546 6070,
North Okanagan Valley Gleaners Society,https://novgleaners.org/,(250) 549-1123,
North Okanagan Youth and Family Services Society,,(250) 545-3572,
North Okanagan Youth Soccer Association,https://www.vernonsoccer.ca/,(250) 545-5808,
North Valley Gymnastics Society,https://www.nvgym.com/get-in-touch,(250) 558-5136,
NOS BJJ & MMA,https://www.shuswapbjj.com/,2508049262,
O'Callaghan Bilodeau Chartered Professional Accountants,https://ocbi.ca/,(250) 545-5301,
O'Keefe 3% Realty,https://okeefe3.com/contact,(250) 545-9039,
OHKIM Sushi & Grill,https://ohkimsushi.com/,250-308-8589,
Ok Frozen Dough,,250 546 0311,
OK Tire & Auto Service (L&C Vernon),https://www.oktire.com/support/contact/,(250) 545-0547,
OK Tire and Service Centre,,,
Okanagan Aggregates Ltd,https://okanaganaggregates.com/contact-us/,250 546 3088,
Okanagan Beverage Co,,(250) 550-8885,
Okanagan Clinical Trials,https://okclinical.com/contact-us/,(250) 862-8141,
Okanagan College,https://www.okanagancollege.ca/contact-us,(250) 545-7291,
Okanagan Danger Tree Removal,,250 540 0948,
Okanagan Escape Rentals,https://www.outbacklakeside.com/,(250) 938-0744,
Okanagan Feldenkrais,https://www.slideshare.net/contact,(250) 550-4599,
Okanagan Grown Produce Ltd,https://okanagangrown.com/,(250)545-0694,
Okanagan Integrated Design,,(778) 212-2726,
Okanagan Integrated Network Services Inc,https://oins.ca/contact.html,(250) 260-4444,
Okanagan Leisure Rentals,https://okanaganleisure.com/book-now,250-258-6772,
Okanagan Love Relationships Counselling,,(250) 309-7055,
Okanagan Magic Snacks,https://traveliciouscouple.com/,(250) 550-4872,
Okanagan Market Place,,778 474 2233,
Okanagan Office Systems,http://okanaganofficesystems.com/contact-us/,(250) 762-7722,
Okanagan Prewire Ltd,,(250) 542-9932,
Okanagan Property Services & Storage,https://www.opsvernon.ca/contact,(250) 351-5343,
Okanagan Restoration Services,http://www.okrestore.com/contact/,(250) 542-3470,
Okanagan Rhythmic Gymnastics Club,,(250) 558-3092,
Okanagan Royal Park Inn,,236-426-3500,
Okanagan Science Centre,https://okscience.ca/,(250) 545-3644,
Okanagan Shuswap Sheep Producers' Association,https://okanaganshuswapsheep.ca/,250.328.9059,
Okanagan Skate Company,https://www.okanaganskate.com,(236) 426-2939,
Okanagan Spirits Inc,https://okanaganspirits.com/pages/contact,(250) 549-3120,
Okanagan Test Rite,http://okanagantestrite.com/contact/,(250) 545-5951,
Okanagan Traffic Control Professionals Inc,https://okanagantrafficcontrol.wordpress.com/,250 546 8017,
Okanagan Village Housing Society,https://okvillage.ca/contact,(250) 545-6475,
Okanagan Wealth Advisors,https://www.nbfwm.ca/contact.html,,
Okgn-Property & Rv Maintenance,,778 908 1480,
Olive Us Oil and Vinegar Tasting Room,https://www.supernaturalbc.com:443/,,
Olympia Cycle and Ski,https://www.cycleandski.com/,250-542-9662,
Om Naturale,https://www.omnaturale.ca/,250 546 0545,
Omar's Variety and Discount Store,,(250) 503-5501,
Once Upon a Child,https://onceuponachild.com/locations/vernon-bc/,(778) 475-1517,
One Stop Automotive Repairs,https://www.armstrongautorepair.com/contact-us/,250 546 8690,
"Oopsie Daisy Flowers, Gifts and Baskets",https://www.vernonflowers.ca/site_map.php,(250) 545-0379,
Orchard Valley Retirement Residence,,(250) 545-0455,
Organic BC (Certified Organic Associations of BC),https://organicbc.org/contact-us/,(250) 260-4429,
Organic Skincare Studio & Shop,https://www.acompio.ca/,7788486849,
Outback Electric,,(250) 306-7277,
Outdoor Star Cinema,https://www.frontrowcentre.com/contact,2507183223,
Overlander Golf & Event Center,https://royalyorkgolfclub.com/,250 546 9700,
Overlander Restaurant,,,
Oxygen Yoga & Fitness Vernon Inc,https://oxygenyogaandfitness.com/contact-chilliwack/,(250) 556-9642,
Oyama General Store,,,
Oyama Lake Eco Lodge,https://oyamalake.com/,250-862-1013,
Oyama Sunblush,,,
Oyama Zipline,https://oyamazipline.com/contact-us/,18889472869,
Pacific Agricultural Certification Society,https://pacscertifiedorganic.ca/forms/contact-us,(250) 558-7927,
Pacific Coastal Airlines,,(800) 663-2872,
Pacific Top Team Jiu-Jitsu,https://www.pttvernon.com/,250-540-3473,
Padgett Business Services,https://www.padgettadvisors.com/,(250) 545-3007,
Pagoda Inn Restaurant,,1-250-547-9724,
Palette Tattoo,,778 442 5225,
Pallino's,,250-503-3405,
Papa Murphy's Pizza,https://order.tbdine.com/pickup/56950/menu,,
Paradise Inn & Vacation Homes,https://paradisevacationhomes.ca/,250-503-1506,
Parkwood Retirement Resort,https://cogirseniorliving.ca/contact-us,(250) 558-0232,
Parnell's Appliance,https://www.parnells.ca/,(250) 542-6998,
Partners in Brine Seafood,https://www.partnersinbrine.com/contact-us,1-250-442-9679,
Passive Remediation Systems Ltd,,250 306 6377,
Past Forward Fashions and Lingerie,https://escapades-lointaines.fr/contact/,(250) 309-9961,
"Patricia Paterson, Chartered Professional Accountant",,250 546 4014,
Paw Street Market,https://www.pawstreetmarket.com/,(250) 558-7933,
Payworks On-Line Payroll Service,https://www.payworks.ca/contact,(250) 868-1488,
Peacock and Lime Hair & Esthetics Studio,https://www.bestprosintown.com/contact.php,(778) 475-1070,
Pedego Electric Bikes,https://pedegoelectricbikes.ca/contact/,888-777-2066,
Peter's U-Pick,https://petersupick.com/contact.html,250-306-9600,
Petro-Canada  (7-11),,250 546 2188,
Phi Factor Farm S,,205 503 3039,
Pho Sate Vietnamese Family Restaurant,https://pho-sate-restaurant.wherevi.com/,,
Pillar Lake Resort,https://www.pillarlake.com/contact,250-379-2623,
Pink Pumpkin Farmstay,,250 212 9025,
Pinnacle General Surgery Clinic,https://www.pinnaclegeneralsurgery.com/forhealthcareproviders,(250) 545-6443,
Piscine Energetics Inc,https://www.mysis.com/,(778) 475-0082,
Planet Bee Honey Farm Tours & Gifts,https://planetbee.com/,(250) 542-8088,
Planet Fitness,,(475) 342-8587,
Planet Fitness Vernon,,,
Plato's Closet Vernon (1540070 BC Ltd.),,(250) 869-5124,
Play It Again Sports - Vernon,https://playitagainsports.com/contact-us/,1-236-201-3400,
Pleasant Valley Construction,,250 308 9940,
Pleasant Valley Health Centre,https://www.interiorhealth.ca/contact,250 546 4700,
Pleasant Valley Quilting,,250 546 0003,
Pocket Grandson,https://pocketgrandson.com/,(250) 351-7411,
Polson Artisan Market,https://www.polsonmarket.com/,,
Pop Mode Board Supply,https://www.popmode.ca/contact-us,2505420191,
PostNet 112,https://www.postnet.ca/contact/,(236) 426-1313,
Pranic Forest Artisan Apothecary (closed fall 2024),,2364260666,
Pratophoto,https://www.pratophoto.ca/contact,250 309 0129,
Precision Electric Motor and Pump Service Ltd,https://bc.biass.ca/,(250) 545-6315,
Predator Ridge Resort,,(250) 542-3436,
Prestige Home Painting Ltd,,250 309 9465,
Primerica,https://www.primericacanada.com/,250 308 9877,
Printech Printing Corp,,(250) 542-2272,
"Progression Muscle, Bone and Joint Clinic",,(250) 549-2552,
Project Causeway Impact Solutions Inc,,(250) 938-8311,
Provenance Massage,,,
Pryce Landscape Products,https://www.prycelandscapeproducts.com/,(250) 542-7520,
Puff Vape Shop,https://calgaryvapestore.ca,250 307 0682,
Pure (Honey),https://www.purearmstrong.ca/contact.html,250 938 3605,
Purple Springs Nursery,,1 877 289 3813,
Pv Blvd Coffee Ltd,,250 241 7085,
Qualicare Home Care,https://qualicare.com/contact-our-caregiver-agency/,(250) 293-0773,
Quality Inn & Suites,,,
Quality Inn and Suites,,(250) 542-4434,
Quilakwa RV Park,https://www.quilakwarvpark.com/rv-campground,(250) 838-2022,
R+A Engineering Ltd,https://www.raengineering.ca/,(250) 542-1357,
R. Coombs Construction LTD,,1-250-260-0086,
R.A.P. Welding,,1-250-547-9789,
R.E. Postill & Sons Ltd,https://repostill.com/contact,(250) 545-5008,
R.T. Customizing,https://www.dopaminestrength.com/contact,250 546 6617,
Raku Rice and Noodle Bar,https://www.rakuriceandnoodlebar.com/,(236) 426-1212,
Randy Rauck,https://rauck.ca/contact/,1-250-307-7553,
"RANGE Restaurant, bar + patio",,,
Rapid Span Precast,https://rapidspan.com/contact,250 546 9676,
Ratio Coffee & Pastry,https://www.ratiocoffee.ca,(250) 545-9800,
Raven & Rook Media Inc,https://ravenandrookmedia.com/,(403) 217-5166,
Raven Business Services,https://ravenbusinessservices.com/contact/,(778) 561-0470,
RBC Dominion Securities Inc,https://www.rbc.com/contact-us.html,(250) 549-4050,
RBC Financial Group,https://www.rbcwealthmanagement.com/en-ca/,(250) 558-4336,
RBC Royal Bank - Lake Country Branch,https://www.rbcbank.com/,,
RD's Office Services,,2505583571,
Re/Max - Priscilla Sookarow,https://www.remax.ca/,(250) 549-7050,
Re/Max Armstrong,,250 546 4487,
Re/Max Vernon,https://newlistings-vernon.com/contact.html,(250) 549-4161,
RE/MAX Vernon Salt Fowler,,(250) 549-7258,
REA Financial Services Inc,https://svgfsa.com/,(250) 545-3336,
Read Head Studio,https://www.readheadstudio.com/contact-us,(250) 540-3041,
Real Canadian Wholesale Club,https://www.wholesaleclub.ca/en/contact,(250) 260-4551,
Red Dog Glass Studio,,1-250-547-0020,
Red Shed Farm Designs & Gifts,,250 674 1122,
Red Tomato Pies,https://www.redtomatopies.com/contact,(236) 426-1234,
Redline Recreation,https://www.redlinerecreation.ca/contact-us/,250 546 8872,
Reflections Hair & Esthetics Studio,,(250) 545-7988,
Reion Accounting,https://www.crowe.com/ca/crowemackay/insights/news-stories/reion-merges-with-crowe,2505451544,
Remax Commercial Solutions,https://www.remax.ca/,2505425313,
Rennie Equipment,,1-250-547-6399,
Repair Express,https://repairexpress.com/contact/,2502754761,
RGR Accounting Rx Inc,https://accounting-rx.com/,(250) 944-1110,
Rice Box,https://thericebox.com/contact,,
Rich Tea,https://www.richtea.ca/contact-us,778-943-1631,
Richbuilt Homes Ltd,http://richbuilt.ca/,(250) 549-8852,
Ridge Star Wellness,,639-999-6500,
Ringo-En Orchards,http://www.ringo-enorchards.com/,250-545-1610,
Ritual Barbershop,https://barberhead.com/contact,,
Rivard L.E. and Associates (Moved out of BIA),https://www.ghacks.net/contact-microsoft-office-365-support/,(250) 545-3278,
River Road Management & Marketing,https://riverroadmm.ca/contact/,587 888 9503,
Rmc Systems Ltd,https://rmcsystemsltd.com/,250 803 1575,
Robert Moffat Trial Lawyer,https://www.validlaw.org/contact,(250) 542-1312,
Robin Cardew - Robin Cardew CPA Chartered Professional Accountant,http://vernonaccountant.ca/contact/,(250) 550-5719,
Rock Garden Climbing Centre,https://www.climbthegarden.com/,236-426-3333,
Roland Construction,,6043381081,
Romei Plummer LLP,https://www.rpllp.ca/,1-250-542-1336,
RONA Inc,https://www.rona.ca/en,(250) 545-3332,
RONA Lumby - Greenridge Ventures,https://www.ronainc.ca/contact,,
Roost Solar,https://www.roostsolar.com/contact-us,(250) 307-5042,
Rosalinda's,http://www.rosalinda.ca/,,
Rosalinda's Filipino Kitchen,https://www.waivio.com/contact,(778) 475-6090,
Rose Hill Orchard,https://www.rosehillorchard.com/,,
Rose Moon Books / Read Head Studio,https://starwalk.space/en,,
Rose Valley Family Dentistry,,250 546 2500,
"Rossworn Henderson, Llp",https://www.rhllp.ca/contact-us/,250 546 8665,
Rouck Bros Sawmill,https://www.rouckbros.com/contact,1-250-547-6619,
Royal Canadian Mounted Police,https://www.rcmp.ca/selection?destination=/contact,250 546 3028,
Royal LePage Downtown Realty,https://downtownrealty.royallepage.ca/,(250) 545-5371,
Royal Lepage Downtown Realty Armstrong,https://www.royallepage.ca/en/contact-us,250 546 8791,
Royal LePage Kelowna,,,
Rp Plumbing & Gas Inc,,604 351 9145,
Rumorz Barber Nails Spa,,778 442 5220,
Russell N. Shortt Land Surveys Ltd,https://www.jrshortt.ca/,(250) 545-0511,
Rusticana Rentals,https://rusticanarentals.com/,604 551 0411,
Rusty Spur Farm Feed & Pet (formerly Briteland),https://www.castanetkamloops.net/contactus/,(250) 545-3420,
Saddle Up Magazine,https://saddleup.ca/contacts/,1 866 546 9922,
Sage Dental Hygiene,,(250) 241-7243,
Salvation Army Vernon,https://vernonhouseofhope.com,(250) 549-4111,
Sanders Medical Vein & Aesthetics (Dermapure Vernon starting 2024),https://www.dermapure.com/,,
Sandman Hotel,,(250) 542-4325,
Sands & Associates Inc,https://www.sands-trustee.com/,1-800-661-3030,
Save On Foods,,(250) 542-8825,
Savoy Equipment Ltd,https://savoyequipment.com/contact/,(250) 545-0627,
Sawmill Grove Woodworking,https://www.sawmillgrove.ca/,2505483239,
Scattered Goods,,(250) 549-2504,
Schell Motel,,250-545-1351,
Scotiabank,https://www.openinghours.ca/,1-250-547-7821,
Scotland Homes,,250 308 9335,
Scv Contractors Corp,,250 546 3313,
Seasons Okanagan Design and Build Ltd,https://seasonsok.ca/contact/,(250) 307-7524,
Secure-Rite Mobile Storage,https://www.secure-rite.com/contact/,(250) 861-3955,
Securiguard,https://www.securiguard.com/contact/,(604) 685-6011,
SEDLICK HOLDINGS,https://www.connecthearing.ca/contact/,(250) 542-1686,
Seed Computers,https://www.seedcomputers.ca/contact-us,250 540 4268,
Senad Sijercic Notary Public,https://www.senadnotarypublic.ca/contact-us,250 546 9797,
Senger Manufacturing,,250 546 6166,
Service Canada,,2505414006,
Shabbang,https://www.shabbang.com/contact-us,,
Shahi Pakwan,https://shaipakwan.ca/,236-426-2627,
Sharon Noble Wealth Management,https://emrabc.ca/contact/,(250) 545-6787,
Shaver Mountain Contracting,https://shavermountain.ca/contact/,250 309 3024,
Shear Dimensions Hair Design,,(250) 549-5201,
Sherpa Group Events-Management-Production,https://www.sherpagroup.ca/contact-us/,(604) 314-3685,
Shop First Nations,https://shopfirstnations.com/contact-us/,(250) 300-9902,
Shoppers Drug Mart,,(250) 542-3371,
Sierra Mortgage Fund Ltd,,(250) 558-1111,
Silver Star Animal Care Clinic,https://silverstaranimalcare.com/contact/,(778) 475-9400,
Silver Star Bed & Breakfast,,250-938-3838,
Silver Star Brewing,https://untappd.com/,(778) 475-5115,
Silver Star Stays,https://silverstarstays.com/contact,1-250-540-7112,
SilverStar Mountain Resort,http://www.skisilverstar.com/contact-us/,(250) 542-0224,
Simmons Law,https://www.csimmonslaw.ca/,(250) 540-1432,
Simon's Coins Ltd,,(778) 538-1522,
Simply Delicious,,,
Simply Delicious Natural & Gourmet Market,,(250) 542-7500,
Sir Winston's Neighbourhood Pub,https://www.sirwinstons.ca/contact/,(250) 549-3485,
Sisters Restaurant,,1-250-547-2552,
Sko and Boot,https://www.skoandboot.com/,(236) 873-4104,
SkyFix Roofing Corp.,,,
Sladen Moore LLP,https://www.sladenmoore.com/contact-us,(250) 545-0754,
Slattery Services,https://slatteryhandymanservices.godaddysites.com/,(250) 540-6417,
Smart & Associates,https://smartcpa.ca/contact-us,(250) 542-4496,
Smooth Effects,https://smootheffectsvernon.ca/,2505582966,
Snac Shac,https://okanaganedge.net/contact-us/,1-250-547-6169,
Snax! Vending Service,https://www.snaxvending.ca/,(250) 351-7001,
Soapolallie Soapworks,https://soapw.com/,250 517 0527,
Sobr Market Vernon,https://www.thesobrmarket.com/,(250) 540-3025,
Social Planning Council for the North Okanagan,https://socialplanning.ca/contact/,(250) 540-8572,
Social Planning Council of the North Okanagan,,,
Soona Studio,,(250) 351-6659,
SOS Labour Leasing,https://www.depkes.org/,778-940-0287,
South End Spine and Sports Physical Therapy and Chiropractic,https://southendspineandsports.com/,(250) 558-9998,
Spa Hills Compost,,(250) 833-2507,
Spallumcheen Golf & Country Club,https://spallumcheengolf.com/contact-us/,(250) 545-5824,
Spallumcheen Masonic Lodge #13,,250 938 3540,
Spallumcheen Storage Centre,https://www.spallstorage.com/contact/,250 546 3383,
Sparrow Grass Field & Flower,https://www.sparrowgrassfieldandflower.com/contact,250 308 7660,
Speedpro Signs,https://uihosting.com/parked/,(250) 545-2828,
Spinners Sound Center,https://www.ebay.ca/,(778) 475-3180,
Spinners Sound Centre,http://www.spinnerssound.ca/,(250) 318-8102,
Spiritleaf,https://spiritleaf.ca/collections/spiritleaf-vernon,(236) 426-2230,
Splatsin Tsm7aksaltn (Splatsin Teaching Centre) Society,https://splatsin.ca/contact-us,(250) 838-6404,
Spyce Delivery,https://www.spyce.ca/contact,250 615 1626,
SQM Group Inc,https://www.sqmgroup.com/company/contact-sqm,1-800-446-2095,
Staples Business Depot,https://stores.staples.ca/,(250) 503-3300,
Starbucks,https://www.starbucks.ca/,250 483 5773,
Starlight Drive-In,https://www.starlightdrivein.ca/,250-838-6757,
State Of View,,1 604 345 8902,
Station BBQ,https://www.stationbbq.com/contact,(250) 260-6677,
Status Nightclub,http://new.statusvernon.com,(236) 426-1565,
Stephanie Sexsmith PREC Fair Realty,https://beyondrealestatesales.com/contact.html,1-250-306-0113,
Stepwise Immigration,,587-887-8292,
Steve Braun Coaching & Counselling,https://www.stevebraun.org/contact,(778) 932-1978,
Steve's Auto Parts,https://www.stevesusedautoparts.ca/,250 546 8001,
Stevenson Mechanical,https://www.stevensonmechanical.ca/,(250) 542-7700,
Stix Property Inspections,https://www.stixpropertyinspections.com/,(778) 581-7849,
STK Synthetic Turf Kelowna Inc,http://kelownasyntheticturf.ca/contact-us/,(250) 215-9033,
Stor-it Place (The),https://thestoritplace.com/contact-us-2/,(250) 545-1000,
Strativity Workspace,https://strativity.ca,(250) 309-5226,
Strictly Golf,https://www.strictlygolfvernon.com/,(250) 542-4653,
StrongHER Self-Defense,https://www.strongherselfdefense.com/,,
Studio Ki Permanent Cosmetics,https://www.zipleaf.ca/Customer-Service,2503060909,
Stussi Sport,https://www.stussisport.com/,250-542-4141,
Styles on Mane,,(250) 545-5307,
Subway,,250 546 6362,
Subway Sandwiches and Salads,,(250) 545-7776,
SUDA Korean Restaurant,,(236) 426-4303,
Suda Restaurant,,250-541-0199,
Sun Country Cycle Ltd,https://www.suncountrycycle.com/,(250) 545-8775,
Sun Dial Lighting,http://www.sundiallighting.ca/catalog,(250) 545-7370,
Sun Valley Dentistry,https://sunvalleyfamilydentistry.ca/contact/,(250) 542-2776,
Sun Valley Landscape Maintenance,,1-250-547-9255,
Sunbelt Rentals,http://www.norvalevents.com/contact,(250) 503-0933,
SUNDANCE POOL AND SPA,https://sundancepoolandspa.com/contact/,(250) 549-7170,
Sundowner Meats,https://lumby-bc.canadian-shops.com/,1-250-547-1463,
Super B's Auto Clean and Detail,https://superbautoclean.com/contact-us/,(250) 260-1405,
Supergreen Lawn & Tree Care,,250 549 1908,
Supplement King Vernon,https://www.supplementking.ca:443/contact,(778) 470-5464,
Surplus Herby's,https://www.surplusherbys.com/,(250) 545-9820,
Sushi Kawa,,(250) 260-3558,
Sushi Kotan Japanese Restaurant,http://sushikotan.com/,250 803 4260,
Sutton Lakefront Realty,,(250) 549-3944,
Swan Lake Market & Garden,https://swanlakemarket.com/contact-us,250-542-7614,
Swan Lake Motors (Cisero Enterpirses),https://www.swanlakemotors.com/contactus.html,,
Swan Lake RV Park & Campground,https://swanlakecampground.com/contact-us/,250-545-2300,
Swan Lake RV Resort,https://www.swanlakervresort.com/,250-558-1116,
Sweet Caroline's Pastries & Cakes,http://sweetcarolinesbakery.ca/contact,(250) 545-0300,
T&B Electric,,(778) 943 1737,
T.J. Home Craft Stained Glass,,250 546 3866,
Taber's Service Ltd,,250 503 7069,
Taco Del Mar,https://tacodelmar.com/,(250) 542-3990,
Tailored Closet,https://www.tailoredcloset.com/en-ca/contact-us/,(250) 712-4621,
Take Wing Artistry Inc,https://twa.studio/error-404,1-236-599-6930,
Talon Benefits Consulting Group,,(250) 503-1958,
Tambellini Design Studio Inc,https://tambellini.ca/contact/,(250) 545-1555,
"Tara Taylor, RMT",https://www.fyxsymmetry.com/,7789986434,
Tarr & Sons Janitorial Services,,(250) 308-8785,
Tarynn Liv Parker Realtor&#174; RE/MAX Priscilla,,,
TD Benefit Solutions,https://www.tdbenefits.ca/contact,(800) 254-6162,
TD Canada Trust,,(250) 260-5725,
Teassential,https://www.teassential.ca/,(250) 306-8326,
Tekamar Mortgages,https://www.chrisheidt.net/contact.html,250 546 6698,
"Tekmar Control Systems, a Watts Brand",,(250) 545-7749,
Telus,https://www.telus.com/en/support/contact-us,1 888 811 2323,
"Terry Francis, Rmt",,250 308 5500,
Terrys Automotive LTD,https://mapcarta.com/23751120,1-250-547-6602,
The Anchor Inn,https://www.anchorinnarmstrong.com/contact-us/,250 546 8210,
The Barn At 4404,,250 307 5769,
The Boardwalk 54,,(250) 260-3555,
The Branding Iron Pub,,250 546 0044,
The Clean Gecko Services Ltd,https://www.thecleangecko.com/,(250) 540-0103,
The Fig,,,
The Fig Bistro,https://www.thefigbistro.ca,,
The Garage,,250 546 2011,
The Good Food Box Society of the North Okanagan,https://goodfoodbox.ca/,orders@goodfoodbox.ca,
The Hamlets,,,
The Hamlets at Vernon,https://thehamletsatvernon.ca?open=contact,(236) 426-1488,
The Higher Path,https://thehigherpathcanada.com/contact/,250 546 9868,
The Hot Room @ Studio be,https://www.thehotroomvernon.com/contact/,,
The Inner Ocean,https://www.theinnerocean.ca/,250 938 3409,
The Jammery,https://www.jammery.com/,250 766 1139,
The Kal,https://www.thekal.ca/contact,(250) 549-1011,
The Little Candle Shoppe,,250 309 0313,
The Lobster Pot,,778-212-8755,
The Log House B&B,https://canada-listing.com/contact,(250) 547 6574,
The Orchard RV Retreat,https://theorchardrv.ca/contact.html,250-317-0057,
The Ranch 105.7,https://www.mynorthokanagannow.com/contact-us/,(250) 545-4487,
The Rice Box,,(250) 545-9929,
The Rise Resort,https://theriseresort.ca/contact-us/,(250) 545-7425,
The Rock Sign Guy,,(778) 910-1186,
The Room Collection,,,
The Roxy Cafe,https://www.theroxycafe.ca/,(250) 541-0207,
The Tile Guy,http://thetileguy.ca/contact/,(250) 545-8453,
The Towne Theatre,https://www.thetowne.ca/contact,778-475-4100,
The Twisted Purl Yarn Studio,https://thetwistedpurlyarnstudio.com/contact-us/,778 442 5455,
The Upper Room Mission,https://upperroommission.ca/contact-us/,,
THE UPS STORE,https://www.theupsstore.ca/customer-service/contact-us/,(250) 549-3020 ext #3,
The Web Advisors,https://thewebadvisors.ca/contact-us/,(778) 475-3392,
The Wild Oak Cafe,,778 442 2028,
The Winston Pub,https://woodsmangroup.com/winston-pub/,250-503-1775,
Thirty One & Main,https://www.thirtyoneandmain.com/,250-550-7487,
Thompson Okanagan Football Academy,https://tosa.soccer/contact-us/,(250) 540-9339,
Three Sisters Electric,https://www.3se.ca/contact,(250) 307-9097,
Tim Hortons,,250 546 8088,
Tim's by the River Campsite,https://www.timscampsite.ca/contact,250-379-2379,
Timberspan Road Services,,250 308 9634,
Titan Industrial Plate Processing Inc,,250 546 6825,
TMS - Transition Marketing Services,,(250) 838-0510,
Tnj Plumbing & Heating,,250 306 3200,
Tolko Industries,https://tolko.com/company/contact-us/,250 546-3171,
Tool Time Taylor Small Engine Repair & Service,,250 309 6875,
Total Pet,https://store.petvalu.ca/contact,(250) 542-5323,
Total Restoration Services,https://www.totalrestoration.ca/,(250) 558-1412,
Transition Marketing Services,,,
Transportation,https://lumbyliving.com/contact-us,1-250-547-1503,
Tree Service Lake Country - Arborist & Chipping Services,https://www.monstertreeservice.com/our-locations/,(888) 744-0155,
Tri Lake Massage & Wellness,https://trilakemassage.ca/,2505460460,
Triple Splash Sea Doo Rentals,https://triplesplashseadoorentals.com/contact/,778-559-2074,
Turning Points,https://www.beyondyourcomfortzone.org/contact,,
Turning Points Collaborative,https://turningpoints.ngo/get-involved/contact,(250) 542-3555,
Turtle Bay IT Services Corp,https://turtlebayit.com/contact-us,+778-480-6686,
Turtle Mountain Inn,http://www.turtlemountaininn.com/contact.html,250-275-0681,
Tween Lakes Resort,,,
Two Sparrows Pizza,https://www.twosparrowscatering.com/contact,778-789-3257,
TyCorp Consulting,https://tycorp.ca/contact,(250) 307-4076,
Tyne Buchy Registered Clinical Counsellor,https://www.tynebuchyrcc.com/contact,(250) 808-4756,
UnderGround Brews,,(250) 864-8919,
United Contracting,,,
United Way SIBC,,(250) 549-1346,
Unity and Light Electrical Services,https://www.unityandlight.ca/contact-us,(403) 993-0763,
Upper Room Mission Society,,(250) 549-1231,
Uprise Design & Drafting,https://www.uprisedesigndrafting.com/,778.480.0341,
Uride,https://www.uride.co/,(250) 681-4674,
Ustaad G76 Indian Cuisine,https://www.ustaadg76.ca/contact-us,(778) 688-7113,
V S A Highway Maintenance,https://reseau-stella.fr/contact/,250 546 8844,
Val the Numbers Gal Accounting and Tax Services,,(250) 540-4245,
Valhalla Pure Outfitters,https://vpo.ca/contact,250-542-3537,
"Valley First, A Division of First West Credit Union",https://bc.bankee.ca/,,
Valley Grills (valley marine),,(250) 549-2628,
Valley Lifestyle,https://grokipedia.com/,,
Valstar Electric,https://valstarelectric.net/contact-us/,250 307 7566,
Value Village,https://www.valuevillage.com/contact,(250) 558-2900,
Van Deursen Diesel Ltd,,250 803 8517,
Van Houtte Coffee Services,,(250) 765-5956,
Veach's Septic Service,https://veachssepticservice.com/contact,250 838 2067,
VegPro International,https://attitudefraiche.com/contact/,(877) 447-4671,
Vernon & District Association for Community Living,https://vdacl.ca/contact-us/,(250) 542-2374,
Vernon & District Immigrant & Community Services Society,https://www.vdicss.org/contact,7784758855,
Vernon & District Metis Association,https://www.vernonmetis.ca/contact,250-260-8782,
Vernon Active Health Clinic,https://www.vernonactivehealth.com/contact-us/,(250) 545-2468,
Vernon and Area Pro Life Thrift Store,https://www.prolifevernon.ca/contact,(250) 545-0777,
Vernon and District Performing Arts Centre Society,https://vdpac.ca/,(250) 542-9355,
Vernon Cannabis,,7784759120 Ext 1,
Vernon Chamber of Commerce,https://www.vernonchamber.org/home/,,
Vernon Community Arts Centre,https://vernonarts.ca/contact,,
Vernon Court Reporters,https://app.vernoncourtreporters.com/login?logout=true&redirect=%2Fcontact,(250) 549-4155,
Vernon Curling & Athletic Club,https://vernoncurling.ca/,(250) 542-6713,
Vernon Custom Garage Ltd,https://www.thesamba.com/,(236) 873-3999,
Vernon Dodge Jeep,https://www.vernondodge.com/contact/,(250) 241-8080,
Vernon Downtown Mental Health & Substance Abuse,https://bestrehabs.ca/contact-us/,2505033737,
Vernon Esso,https://www.esso.ca/en-ca,(250) 545-2072,
Vernon Foot Clinic (Dr. Booth),https://vernonfootcare.ca/,(250) 549-3338,
Vernon Golf & Country Club,https://vernongolf.com/,(250) 542-0151,
Vernon Green Cleaners,https://vernongreencleaners.com/,(250) 542-8014,
Vernon Insulation Solutions,https://vernoninsulation.com/contact-us/,(250) 938-1227,
Vernon Jazz Club,https://www.vernonjazz.com/contact/,,
Vernon Lawn Bowling Club,https://www.vernonlawnbowlingclub.com/home,(250) 549-4100,
Vernon Lock & Security Solutions Ltd,https://vernonlock.com/,(250) 545-0139,
Vernon Midwifery,https://vernonmidwifery.com/contact/,(250) 275-5005,
Vernon Pensioners Accommodation Society,,(250) 542-1154,
Vernon Pensioners Accomodation Society,,,
Vernon Physiotherapy and Rehabilitation Clinic,https://www.vernonphysiotherapy.com/contact.html,250-545-3696,
Vernon Pride Society,,,
Vernon Public Art Gallery,https://vernonpublicartgallery.com,(250) 545-3173,
Vernon Regional Transit,https://www.bctransit.com/about/corporate-contact/,250 545 7221,
Vernon Ribfest Society,https://www.tucows.com/,250 540 7476,
Vernon Rock & Smoke Shop,https://rockandsmokeshop.com/,(250) 558-5577,
Vernon Sheet Metal Works,https://www.vernonsheetmetalworks.ca/contact,(250) 540-4758,
Vernon Snow Removal,,(250) 540-7965,
Vernon Teach and Learn,,(250) 545-3611,
Vernon Teach and Learn - Lollipop Lane,https://shop.vernonteachandlearn.com/,,
Vernon Tireland Ltd,https://www.tireland.ca/contact-us,(250) 545-3291,
Vernon Toyota,https://www.vernontoyota.com/contact,(250) 545-0687,
Vernon Veterinary Clinic,https://www.vernonvetclinic.com/contact-us,(250) 542-9707,
Vernon Vipers Hockey Club,,(250) 542-6022,
Vernon Volkswagen,,(250) 545-2358,
Vernon Winter Carnival Society,,(250) 545-2236,
Vernon Women in Business,https://www.vwib.com/contact-us,,
Vernon Yacht Club,https://vernonyachtclub.com/contact-us/,(250) 545-5518,
Vernon's Water Store,https://www.vernonswaterstore.ca/contact/,(250) 558-3595,
Vero Health,https://verocare.ca/contact-us/,(778) 475-4265,
Verum Innovations,https://veruminnovations.com/contact,(778) 692-9676,
Victoria Lane Brides,,(250) 938-5684,
View Point Lodge,https://viewpointlodge.holidayfuture.com/,(250) 540-4559,
Village Dairy Ltd,,250 546 8651,
Vintage Tattoo Co,https://www.glartent.com/contact,778 692 7755,
Vintique & Mary Anns Closet,https://rutube.ru/,(250) 549-0849,
Vision Dance,https://www.visiondanceschool.com/contact,250-309-2305,
Vision Travel,https://my.dt.com/can/en,,
Vita Resorts,https://www.vitaokanagan.com/contact,604-722-9973,
Viva Mexicana Taco Bar,https://survey3.medallia.com/?moes-contact-us&br=6,,
VO2 Master Health Sensors,https://vo2master.com/contact/,778-475-5755,
Wasabi Sushi & Grill,https://wasabivernon.ca,778-475-6060,
Waste Management,https://www.wm.com/us/en/support/faqs/how-can-i-connect-with-wm-support,1-800-774-9748,
Waterside Winery,,250 838 9757,
Watkin Motors,https://www.watkinmotors.com/hours/,(250) 545-0611,
WeBC,https://we-bc.ca/contact-us/,(250) 868-3454,
Wedge Cheesery,,236-426-2928,
Welbec Properties,https://www.welbec.com/contact.html,(778) 321 - 7962,
WEST IMAGE,https://www.istockphoto.com/bot-wall?returnUrl=%2Fcontact,,
Western Financial Group,https://westernfinancialgroup.ca/Contact,(250) 542-0171,
Westland Insurance,https://www.westlandinsurance.ca/contact/,(250) 545-4447,
Westpro Machinery,https://www.westpromachinery.com/contact/,(236) 600-1759,
White Spot Vernon,https://www.whitespot.ca/contact,(250) 545-7119,
Wilde Signs,https://wildesigns.ca/,(250) 545-1513,
Wildfire Excavation,,250-306-1097,
Willco Law Corporation,https://willcolaw.com/contact,250 540 1888,
Willing 2 Ninja,,604 961 7808,
Windsong Hypnotherapy,,250-896-6340,
Wings,https://greatwings.ca/contact/,(778) 475-2979,
WKL Massage,https://calminggrovewellness.com/contact/,(250) 938-8860,
Wolf Exteriors Ltd,https://www.wolfxbc.com/contact,(250) 833-0402,
Women's Enterprise Centre,,1 800 643 7014,
Wood lake RV Park & Marina,https://www.travel-british-columbia.com/about/contact/,,
Woodtone Specialties,https://woodtone.com/contact/,250 546 6808,
Wooley & Company Lawyers,https://woolleylaw.ca/,(250) 547 8827,
Work Safe Bc,https://www.worksafebc.com/en/contact-us,1 800 621 7233,
World Financial Group,https://agents.wfgcanada.ca/contact,(250) 549-5267,
Wright-Way Accounting LTD,https://finance.canadaplaces.net/contact/,(250) 470 8421,
XEVA Mortgage - Kari Gares,https://karigares.com/contact/,(250) 558-8091,
Yes Dear Handyman Services,http://contractorvernonbc.com/contact,(250) 938-1963,
Your Calm Oasis,https://www.yourcalmoasis.com/,(250) 306-7893,
Your Country News,,250 260 3840,
Yuki Sushi,,1-250-547-2223,
Zion United Church,https://www.armstrongunited.ca/,250 546 9384,
